post_id;text;attachments;date;likes;comments;reposts;;
26941;друзья, делитесь любимыми кубиками из корпуса на канале Грибоедова;[{'type': 'photo', 'photo': {'album_id': -7, 'date': 1696959665, 'id': 457240702, 'owner_id': -30513532, 'access_key': '18f69de8f250834d28', 'post_id': 26927, 'sizes': [{'height': 75, 'type': 's', 'width': 73, 'url': 'https://sun9-53.userapi.com/s/v1/ig2/DhYBDmM0f-rymuE3G27Ngs9obyj6Z_d5UUkz5lBwkGFdD231CIOoTWanHp05H-qEXibAXowAeNP5wfVhSmaoK6EU.jpg?quality=95&as=32x33,48x49,72x73,108x110,160x163,240x245,360x368,480x490,540x551,640x653,719x734&from=bu&u=zjLcPpl3-AGjP8x-bJHAQ3cv1BtyDqo7UEJy9M48Ny8&cs=73x75'}, {'height': 130, 'type': 'm', 'width': 127, 'url': 'https://sun9-53.userapi.com/s/v1/ig2/DhYBDmM0f-rymuE3G27Ngs9obyj6Z_d5UUkz5lBwkGFdD231CIOoTWanHp05H-qEXibAXowAeNP5wfVhSmaoK6EU.jpg?quality=95&as=32x33,48x49,72x73,108x110,160x163,240x245,360x368,480x490,540x551,640x653,719x734&from=bu&u=zjLcPpl3-AGjP8x-bJHAQ3cv1BtyDqo7UEJy9M48Ny8&cs=127x130'}, {'height': 604, 'type': 'x', 'width': 592, 'url': 'https://sun9-53.userapi.com/s/v1/ig2/DhYBDmM0f-rymuE3G27Ngs9obyj6Z_d5UUkz5lBwkGFdD231CIOoTWanHp05H-qEXibAXowAeNP5wfVhSmaoK6EU.jpg?quality=95&as=32x33,48x49,72x73,108x110,160x163,240x245,360x368,480x490,540x551,640x653,719x734&from=bu&u=zjLcPpl3-AGjP8x-bJHAQ3cv1BtyDqo7UEJy9M48Ny8&cs=592x604'}, {'height': 734, 'type': 'y', 'width': 719, 'url': 'https://sun9-53.userapi.com/s/v1/ig2/DhYBDmM0f-rymuE3G27Ngs9obyj6Z_d5UUkz5lBwkGFdD231CIOoTWanHp05H-qEXibAXowAeNP5wfVhSmaoK6EU.jpg?quality=95&as=32x33,48x49,72x73,108x110,160x163,240x245,360x368,480x490,540x551,640x653,719x734&from=bu&u=zjLcPpl3-AGjP8x-bJHAQ3cv1BtyDqo7UEJy9M48Ny8&cs=719x734'}, {'height': 133, 'type': 'o', 'width': 130, 'url': 'https://sun9-53.userapi.com/s/v1/ig2/DhYBDmM0f-rymuE3G27Ngs9obyj6Z_d5UUkz5lBwkGFdD231CIOoTWanHp05H-qEXibAXowAeNP5wfVhSmaoK6EU.jpg?quality=95&as=32x33,48x49,72x73,108x110,160x163,240x245,360x368,480x490,540x551,640x653,719x734&from=bu&u=zjLcPpl3-AGjP8x-bJHAQ3cv1BtyDqo7UEJy9M48Ny8&cs=130x133'}, {'height': 204, 'type': 'p', 'width': 200, 'url': 'https://sun9-53.userapi.com/s/v1/ig2/DhYBDmM0f-rymuE3G27Ngs9obyj6Z_d5UUkz5lBwkGFdD231CIOoTWanHp05H-qEXibAXowAeNP5wfVhSmaoK6EU.jpg?quality=95&as=32x33,48x49,72x73,108x110,160x163,240x245,360x368,480x490,540x551,640x653,719x734&from=bu&u=zjLcPpl3-AGjP8x-bJHAQ3cv1BtyDqo7UEJy9M48Ny8&cs=200x204'}, {'height': 327, 'type': 'q', 'width': 320, 'url': 'https://sun9-53.userapi.com/s/v1/ig2/DhYBDmM0f-rymuE3G27Ngs9obyj6Z_d5UUkz5lBwkGFdD231CIOoTWanHp05H-qEXibAXowAeNP5wfVhSmaoK6EU.jpg?quality=95&as=32x33,48x49,72x73,108x110,160x163,240x245,360x368,480x490,540x551,640x653,719x734&from=bu&u=zjLcPpl3-AGjP8x-bJHAQ3cv1BtyDqo7UEJy9M48Ny8&cs=320x327'}, {'height': 521, 'type': 'r', 'width': 510, 'url': 'https://sun9-53.userapi.com/s/v1/ig2/DhYBDmM0f-rymuE3G27Ngs9obyj6Z_d5UUkz5lBwkGFdD231CIOoTWanHp05H-qEXibAXowAeNP5wfVhSmaoK6EU.jpg?quality=95&as=32x33,48x49,72x73,108x110,160x163,240x245,360x368,480x490,540x551,640x653,719x734&from=bu&u=zjLcPpl3-AGjP8x-bJHAQ3cv1BtyDqo7UEJy9M48Ny8&cs=510x521'}], 'text': 'Hi!', 'user_id': 100, 'web_view_token': 'cbf3bb51b302f18553', 'orig_photo': {'height': 734, 'type': 'base', 'url': 'https://sun9-53.userapi.com/s/v1/ig2/DhYBDmM0f-rymuE3G27Ngs9obyj6Z_d5UUkz5lBwkGFdD231CIOoTWanHp05H-qEXibAXowAeNP5wfVhSmaoK6EU.jpg?quality=95&as=32x33,48x49,72x73,108x110,160x163,240x245,360x368,480x490,540x551,640x653,719x734&from=bu&u=zjLcPpl3-AGjP8x-bJHAQ3cv1BtyDqo7UEJy9M48Ny8', 'width': 719}}, 'style': 'full'}];11.10.2023;336;16;88;;
36021;Если студента выселяют из общежития, а у того нет денежный средств на билет до дома. Предоставляет ли универ какую-либо мат помощь?;[];05.11.2024;0;0;3;;
36017;Всем привет! Есть ли шахматная комнада?;[];05.11.2024;0;1;0;;
36014;анон планирую поступать на межбак в 25 году, но услышала новость о замене егэ по английскому на обществознание на программах, связанных с экономикой и менеджментом. к слову, на межбак сейчас требуется английский, и сама я к нему готовлюсь, какого ваше мнение на этот счет? страшно, что англ запретят в последний момент(;[];05.11.2024;0;0;1;;
36009;2.11 на грибе, ориентировочно в 19:00 был утерян пригласительный билет на burnween 😭 если вы нашли поставьте лайк или отнесите на охрану;[];04.11.2024;9;0;2;;
36005;Анонимно, пожалуйста Очень  ищу ребят, которые ездили по мобильности с социологии Найду по лайкам/комментариям Спасибо!;[];04.11.2024;0;0;0;;
36003;;[];04.11.2024;0;0;2;;
36000;"анон Кто только поступил (первокурсники) на программу ""Политология и мировая политика"", отпишитесь, пожалуйста, в комментах, хочу пораспрашивать про обучение, расписание, язык и тд 🙏🙏🙏";[];04.11.2024;3;4;0;;
35991;отслеживают ли посещаемость по пропускам?;[];03.11.2024;0;2;0;;
35989;Если я слечу со стипендии, можно ли будет потом ее восстановить? И как?;[];03.11.2024;3;1;0;;
35986;коллеги, вопрос насчет академаиз общаги выгоняют или разрешают проживание во время отпуска?;[];03.11.2024;0;1;0;;
35984;;[];03.11.2024;0;0;1;;
35981;что за зимний бал о чем все говорят? я только о летнем знаю анон;[];03.11.2024;5;2;1;;
35974;Кто посвятит в тему зимнего бала? Когда-что-куда, и прочее. Хотелось бы поучаствовать🐬 Анон, пишите в комментариях;[];02.11.2024;8;0;0;;
35972;анон всем привет! кто переводился из питерской вышки в московскую? лайкните/прокомментируйте пожалуйста;[];02.11.2024;2;0;1;;
35970;Всем привет!Никто случайно не едет в сторону Москвы в эти выходные? Вдруг попутчики потребуются...Готов оплатить поездку по разумному прайсу 🙏;[];02.11.2024;0;0;0;;
35963;Могут ли студенты на коммерции получать стипендию ? Там именную или что-то в этом роде Объясните пожалуйста;[];01.11.2024;0;0;0;;
35962;Контакт Бар дарит 🎁 Красный диплом даже на первом курсе! Мы — сеть [club18129754|КОНТАКТ БАР], место для всех, кто обожает круто проводить время с друзьями и знакомиться с новыми людьми! У нас всегда что-то происходит: контактные игры 🔞, Апероль Понг 🏓, караоке 🎤 — и это только начало. А ещё — море акций и скидок, которые заставят возвращаться снова и снова. Вот, что тебя ждёт: 🔥 50% кэшбэка с первого заказа — твой билет в Контакт Бар! 🎉 В день рождения получишь целых 2000 бонусов (а если тебе только исполнилось 18, держи все 5000 бонусов в подарок!) 🍻 Сеты 1+1 и бонусы за каждого приглашённого друга — чтобы было ещё веселее. И лайфхак для своих 😉: скажи официанту кодовую фразу «УМНИКИ И УМНИЦЫ», и коктейль «Красный диплом» твой бесплатно к любому заказу! Мы знаем, что студентам нужны не только знания, но и настоящие бонусы. Залетай к нам после пар, на выходных — да хоть каждый день! У нас всегда вкусно, весело 🤩 и атмосферно!;[{'type': 'photo', 'photo': {'album_id': -7, 'date': 1730449519, 'id': 457241226, 'owner_id': -30513532, 'access_key': '23434052d741bfff9f', 'sizes': [{'height': 87, 'type': 'm', 'width': 130, 'url': 'https://sun164-1.userapi.com/s/v1/ig2/Meq1G0bIWRpqntrD5jqiiegEdpwwzo2I7jq_RZBIlEN_ykq8qD_oJH-wdxDMC4nw3aw-fUNqk_hg7kIkK7xXNix6.jpg?quality=96&as=32x21,48x32,72x48,108x72,160x107,240x160,360x240,480x320,540x360,640x427,720x480,1080x720,1280x853,1440x960,2560x1707&from=bu&u=bKOSgN05dvNBSlKF4U78572nXToIUpc3I0pXIBskJMs&cs=130x87'}, {'height': 87, 'type': 'o', 'width': 130, 'url': 'https://sun164-1.userapi.com/s/v1/ig2/Meq1G0bIWRpqntrD5jqiiegEdpwwzo2I7jq_RZBIlEN_ykq8qD_oJH-wdxDMC4nw3aw-fUNqk_hg7kIkK7xXNix6.jpg?quality=96&as=32x21,48x32,72x48,108x72,160x107,240x160,360x240,480x320,540x360,640x427,720x480,1080x720,1280x853,1440x960,2560x1707&from=bu&u=bKOSgN05dvNBSlKF4U78572nXToIUpc3I0pXIBskJMs&cs=130x87'}, {'height': 133, 'type': 'p', 'width': 200, 'url': 'https://sun164-1.userapi.com/s/v1/ig2/Meq1G0bIWRpqntrD5jqiiegEdpwwzo2I7jq_RZBIlEN_ykq8qD_oJH-wdxDMC4nw3aw-fUNqk_hg7kIkK7xXNix6.jpg?quality=96&as=32x21,48x32,72x48,108x72,160x107,240x160,360x240,480x320,540x360,640x427,720x480,1080x720,1280x853,1440x960,2560x1707&from=bu&u=bKOSgN05dvNBSlKF4U78572nXToIUpc3I0pXIBskJMs&cs=200x133'}, {'height': 213, 'type': 'q', 'width': 320, 'url': 'https://sun164-1.userapi.com/s/v1/ig2/Meq1G0bIWRpqntrD5jqiiegEdpwwzo2I7jq_RZBIlEN_ykq8qD_oJH-wdxDMC4nw3aw-fUNqk_hg7kIkK7xXNix6.jpg?quality=96&as=32x21,48x32,72x48,108x72,160x107,240x160,360x240,480x320,540x360,640x427,720x480,1080x720,1280x853,1440x960,2560x1707&from=bu&u=bKOSgN05dvNBSlKF4U78572nXToIUpc3I0pXIBskJMs&cs=320x213'}, {'height': 340, 'type': 'r', 'width': 510, 'url': 'https://sun164-1.userapi.com/s/v1/ig2/Meq1G0bIWRpqntrD5jqiiegEdpwwzo2I7jq_RZBIlEN_ykq8qD_oJH-wdxDMC4nw3aw-fUNqk_hg7kIkK7xXNix6.jpg?quality=96&as=32x21,48x32,72x48,108x72,160x107,240x160,360x240,480x320,540x360,640x427,720x480,1080x720,1280x853,1440x960,2560x1707&from=bu&u=bKOSgN05dvNBSlKF4U78572nXToIUpc3I0pXIBskJMs&cs=510x340'}, {'height': 50, 'type': 's', 'width': 75, 'url': 'https://sun164-1.userapi.com/s/v1/ig2/Meq1G0bIWRpqntrD5jqiiegEdpwwzo2I7jq_RZBIlEN_ykq8qD_oJH-wdxDMC4nw3aw-fUNqk_hg7kIkK7xXNix6.jpg?quality=96&as=32x21,48x32,72x48,108x72,160x107,240x160,360x240,480x320,540x360,640x427,720x480,1080x720,1280x853,1440x960,2560x1707&from=bu&u=bKOSgN05dvNBSlKF4U78572nXToIUpc3I0pXIBskJMs&cs=75x50'}, {'height': 1707, 'type': 'w', 'width': 2560, 'url': 'https://sun164-1.userapi.com/s/v1/ig2/Meq1G0bIWRpqntrD5jqiiegEdpwwzo2I7jq_RZBIlEN_ykq8qD_oJH-wdxDMC4nw3aw-fUNqk_hg7kIkK7xXNix6.jpg?quality=96&as=32x21,48x32,72x48,108x72,160x107,240x160,360x240,480x320,540x360,640x427,720x480,1080x720,1280x853,1440x960,2560x1707&from=bu&u=bKOSgN05dvNBSlKF4U78572nXToIUpc3I0pXIBskJMs&cs=2560x1707'}, {'height': 403, 'type': 'x', 'width': 604, 'url': 'https://sun164-1.userapi.com/s/v1/ig2/Meq1G0bIWRpqntrD5jqiiegEdpwwzo2I7jq_RZBIlEN_ykq8qD_oJH-wdxDMC4nw3aw-fUNqk_hg7kIkK7xXNix6.jpg?quality=96&as=32x21,48x32,72x48,108x72,160x107,240x160,360x240,480x320,540x360,640x427,720x480,1080x720,1280x853,1440x960,2560x1707&from=bu&u=bKOSgN05dvNBSlKF4U78572nXToIUpc3I0pXIBskJMs&cs=604x403'}, {'height': 538, 'type': 'y', 'width': 807, 'url': 'https://sun164-1.userapi.com/s/v1/ig2/Meq1G0bIWRpqntrD5jqiiegEdpwwzo2I7jq_RZBIlEN_ykq8qD_oJH-wdxDMC4nw3aw-fUNqk_hg7kIkK7xXNix6.jpg?quality=96&as=32x21,48x32,72x48,108x72,160x107,240x160,360x240,480x320,540x360,640x427,720x480,1080x720,1280x853,1440x960,2560x1707&from=bu&u=bKOSgN05dvNBSlKF4U78572nXToIUpc3I0pXIBskJMs&cs=807x538'}, {'height': 853, 'type': 'z', 'width': 1280, 'url': 'https://sun164-1.userapi.com/s/v1/ig2/Meq1G0bIWRpqntrD5jqiiegEdpwwzo2I7jq_RZBIlEN_ykq8qD_oJH-wdxDMC4nw3aw-fUNqk_hg7kIkK7xXNix6.jpg?quality=96&as=32x21,48x32,72x48,108x72,160x107,240x160,360x240,480x320,540x360,640x427,720x480,1080x720,1280x853,1440x960,2560x1707&from=bu&u=bKOSgN05dvNBSlKF4U78572nXToIUpc3I0pXIBskJMs&cs=1280x853'}], 'text': '', 'user_id': 100, 'web_view_token': '52583826dd752d90d1', 'orig_photo': {'height': 1707, 'type': 'base', 'url': 'https://sun164-1.userapi.com/s/v1/ig2/Meq1G0bIWRpqntrD5jqiiegEdpwwzo2I7jq_RZBIlEN_ykq8qD_oJH-wdxDMC4nw3aw-fUNqk_hg7kIkK7xXNix6.jpg?quality=96&as=32x21,48x32,72x48,108x72,160x107,240x160,360x240,480x320,540x360,640x427,720x480,1080x720,1280x853,1440x960,2560x1707&from=bu&u=bKOSgN05dvNBSlKF4U78572nXToIUpc3I0pXIBskJMs', 'width': 2560}}, 'style': 'full'}, {'type': 'photo', 'photo': {'album_id': -7, 'date': 1730449519, 'id': 457241227, 'owner_id': -30513532, 'access_key': '3f8e0ac0fed7348cac', 'sizes': [{'height': 130, 'type': 'm', 'width': 87, 'url': 'https://sun9-9.userapi.com/s/v1/ig2/Dwo8XNxjIphR3MmPr3eMXBMgZ-nBOfHQTSV5pnytA0KLmXLiI0NawX6YsI31RYfJ96X-nqqffOWfoPBeVP6JJkD4.jpg?quality=96&as=32x48,48x72,72x108,108x162,160x240,240x360,360x540,480x720,540x810,640x960,720x1080,1080x1620,1280x1920,1440x2160&from=bu&u=Pj6YX64wgygbaC2kdThnGZrrk11gmJHKGM2E2tzzx60&cs=87x130'}, {'height': 195, 'type': 'o', 'width': 130, 'url': 'https://sun9-9.userapi.com/s/v1/ig2/Dwo8XNxjIphR3MmPr3eMXBMgZ-nBOfHQTSV5pnytA0KLmXLiI0NawX6YsI31RYfJ96X-nqqffOWfoPBeVP6JJkD4.jpg?quality=96&as=32x48,48x72,72x108,108x162,160x240,240x360,360x540,480x720,540x810,640x960,720x1080,1080x1620,1280x1920,1440x2160&from=bu&u=Pj6YX64wgygbaC2kdThnGZrrk11gmJHKGM2E2tzzx60&cs=130x195'}, {'height': 300, 'type': 'p', 'width': 200, 'url': 'https://sun9-9.userapi.com/s/v1/ig2/Dwo8XNxjIphR3MmPr3eMXBMgZ-nBOfHQTSV5pnytA0KLmXLiI0NawX6YsI31RYfJ96X-nqqffOWfoPBeVP6JJkD4.jpg?quality=96&as=32x48,48x72,72x108,108x162,160x240,240x360,360x540,480x720,540x810,640x960,720x1080,1080x1620,1280x1920,1440x2160&from=bu&u=Pj6YX64wgygbaC2kdThnGZrrk11gmJHKGM2E2tzzx60&cs=200x300'}, {'height': 480, 'type': 'q', 'width': 320, 'url': 'https://sun9-9.userapi.com/s/v1/ig2/Dwo8XNxjIphR3MmPr3eMXBMgZ-nBOfHQTSV5pnytA0KLmXLiI0NawX6YsI31RYfJ96X-nqqffOWfoPBeVP6JJkD4.jpg?quality=96&as=32x48,48x72,72x108,108x162,160x240,240x360,360x540,480x720,540x810,640x960,720x1080,1080x1620,1280x1920,1440x2160&from=bu&u=Pj6YX64wgygbaC2kdThnGZrrk11gmJHKGM2E2tzzx60&cs=320x480'}, {'height': 765, 'type': 'r', 'width': 510, 'url': 'https://sun9-9.userapi.com/s/v1/ig2/Dwo8XNxjIphR3MmPr3eMXBMgZ-nBOfHQTSV5pnytA0KLmXLiI0NawX6YsI31RYfJ96X-nqqffOWfoPBeVP6JJkD4.jpg?quality=96&as=32x48,48x72,72x108,108x162,160x240,240x360,360x540,480x720,540x810,640x960,720x1080,1080x1620,1280x1920,1440x2160&from=bu&u=Pj6YX64wgygbaC2kdThnGZrrk11gmJHKGM2E2tzzx60&cs=510x765'}, {'height': 75, 'type': 's', 'width': 50, 'url': 'https://sun9-9.userapi.com/s/v1/ig2/Dwo8XNxjIphR3MmPr3eMXBMgZ-nBOfHQTSV5pnytA0KLmXLiI0NawX6YsI31RYfJ96X-nqqffOWfoPBeVP6JJkD4.jpg?quality=96&as=32x48,48x72,72x108,108x162,160x240,240x360,360x540,480x720,540x810,640x960,720x1080,1080x1620,1280x1920,1440x2160&from=bu&u=Pj6YX64wgygbaC2kdThnGZrrk11gmJHKGM2E2tzzx60&cs=50x75'}, {'height': 2160, 'type': 'w', 'width': 1440, 'url': 'https://sun9-9.userapi.com/s/v1/ig2/Dwo8XNxjIphR3MmPr3eMXBMgZ-nBOfHQTSV5pnytA0KLmXLiI0NawX6YsI31RYfJ96X-nqqffOWfoPBeVP6JJkD4.jpg?quality=96&as=32x48,48x72,72x108,108x162,160x240,240x360,360x540,480x720,540x810,640x960,720x1080,1080x1620,1280x1920,1440x2160&from=bu&u=Pj6YX64wgygbaC2kdThnGZrrk11gmJHKGM2E2tzzx60&cs=1440x2160'}, {'height': 604, 'type': 'x', 'width': 403, 'url': 'https://sun9-9.userapi.com/s/v1/ig2/Dwo8XNxjIphR3MmPr3eMXBMgZ-nBOfHQTSV5pnytA0KLmXLiI0NawX6YsI31RYfJ96X-nqqffOWfoPBeVP6JJkD4.jpg?quality=96&as=32x48,48x72,72x108,108x162,160x240,240x360,360x540,480x720,540x810,640x960,720x1080,1080x1620,1280x1920,1440x2160&from=bu&u=Pj6YX64wgygbaC2kdThnGZrrk11gmJHKGM2E2tzzx60&cs=403x604'}, {'height': 807, 'type': 'y', 'width': 538, 'url': 'https://sun9-9.userapi.com/s/v1/ig2/Dwo8XNxjIphR3MmPr3eMXBMgZ-nBOfHQTSV5pnytA0KLmXLiI0NawX6YsI31RYfJ96X-nqqffOWfoPBeVP6JJkD4.jpg?quality=96&as=32x48,48x72,72x108,108x162,160x240,240x360,360x540,480x720,540x810,640x960,720x1080,1080x1620,1280x1920,1440x2160&from=bu&u=Pj6YX64wgygbaC2kdThnGZrrk11gmJHKGM2E2tzzx60&cs=538x807'}, {'height': 1080, 'type': 'z', 'width': 720, 'url': 'https://sun9-9.userapi.com/s/v1/ig2/Dwo8XNxjIphR3MmPr3eMXBMgZ-nBOfHQTSV5pnytA0KLmXLiI0NawX6YsI31RYfJ96X-nqqffOWfoPBeVP6JJkD4.jpg?quality=96&as=32x48,48x72,72x108,108x162,160x240,240x360,360x540,480x720,540x810,640x960,720x1080,1080x1620,1280x1920,1440x2160&from=bu&u=Pj6YX64wgygbaC2kdThnGZrrk11gmJHKGM2E2tzzx60&cs=720x1080'}], 'text': '', 'user_id': 100, 'web_view_token': '13f3084c0dbc9d3530', 'orig_photo': {'height': 2160, 'type': 'base', 'url': 'https://sun9-9.userapi.com/s/v1/ig2/Dwo8XNxjIphR3MmPr3eMXBMgZ-nBOfHQTSV5pnytA0KLmXLiI0NawX6YsI31RYfJ96X-nqqffOWfoPBeVP6JJkD4.jpg?quality=96&as=32x48,48x72,72x108,108x162,160x240,240x360,360x540,480x720,540x810,640x960,720x1080,1080x1620,1280x1920,1440x2160&from=bu&u=Pj6YX64wgygbaC2kdThnGZrrk11gmJHKGM2E2tzzx60', 'width': 1440}}, 'style': 'full'}, {'type': 'photo', 'photo': {'album_id': -7, 'date': 1730449519, 'id': 457241228, 'owner_id': -30513532, 'access_key': '3a7da4950eb4e39987', 'sizes': [{'height': 130, 'type': 'm', 'width': 87, 'url': 'https://sun9-34.userapi.com/s/v1/ig2/3FDNTyzfmaONVZtJ8a_QscwxUKk3tVesciDoRI8h2JM-EGN5ad5MP7yv8B4oSTj_eZqFTWgF18jNdn59P7oy6NvM.jpg?quality=96&as=32x48,48x72,72x108,108x162,160x240,240x360,360x540,480x720,540x810,640x960,720x1080,1080x1620,1280x1920,1440x2160&from=bu&u=OrAeUzoonctOuyYeitCWiVr815crRKzyhQSXBxhb5ao&cs=87x130'}, {'height': 195, 'type': 'o', 'width': 130, 'url': 'https://sun9-34.userapi.com/s/v1/ig2/3FDNTyzfmaONVZtJ8a_QscwxUKk3tVesciDoRI8h2JM-EGN5ad5MP7yv8B4oSTj_eZqFTWgF18jNdn59P7oy6NvM.jpg?quality=96&as=32x48,48x72,72x108,108x162,160x240,240x360,360x540,480x720,540x810,640x960,720x1080,1080x1620,1280x1920,1440x2160&from=bu&u=OrAeUzoonctOuyYeitCWiVr815crRKzyhQSXBxhb5ao&cs=130x195'}, {'height': 300, 'type': 'p', 'width': 200, 'url': 'https://sun9-34.userapi.com/s/v1/ig2/3FDNTyzfmaONVZtJ8a_QscwxUKk3tVesciDoRI8h2JM-EGN5ad5MP7yv8B4oSTj_eZqFTWgF18jNdn59P7oy6NvM.jpg?quality=96&as=32x48,48x72,72x108,108x162,160x240,240x360,360x540,480x720,540x810,640x960,720x1080,1080x1620,1280x1920,1440x2160&from=bu&u=OrAeUzoonctOuyYeitCWiVr815crRKzyhQSXBxhb5ao&cs=200x300'}, {'height': 480, 'type': 'q', 'width': 320, 'url': 'https://sun9-34.userapi.com/s/v1/ig2/3FDNTyzfmaONVZtJ8a_QscwxUKk3tVesciDoRI8h2JM-EGN5ad5MP7yv8B4oSTj_eZqFTWgF18jNdn59P7oy6NvM.jpg?quality=96&as=32x48,48x72,72x108,108x162,160x240,240x360,360x540,480x720,540x810,640x960,720x1080,1080x1620,1280x1920,1440x2160&from=bu&u=OrAeUzoonctOuyYeitCWiVr815crRKzyhQSXBxhb5ao&cs=320x480'}, {'height': 765, 'type': 'r', 'width': 510, 'url': 'https://sun9-34.userapi.com/s/v1/ig2/3FDNTyzfmaONVZtJ8a_QscwxUKk3tVesciDoRI8h2JM-EGN5ad5MP7yv8B4oSTj_eZqFTWgF18jNdn59P7oy6NvM.jpg?quality=96&as=32x48,48x72,72x108,108x162,160x240,240x360,360x540,480x720,540x810,640x960,720x1080,1080x1620,1280x1920,1440x2160&from=bu&u=OrAeUzoonctOuyYeitCWiVr815crRKzyhQSXBxhb5ao&cs=510x765'}, {'height': 75, 'type': 's', 'width': 50, 'url': 'https://sun9-34.userapi.com/s/v1/ig2/3FDNTyzfmaONVZtJ8a_QscwxUKk3tVesciDoRI8h2JM-EGN5ad5MP7yv8B4oSTj_eZqFTWgF18jNdn59P7oy6NvM.jpg?quality=96&as=32x48,48x72,72x108,108x162,160x240,240x360,360x540,480x720,540x810,640x960,720x1080,1080x1620,1280x1920,1440x2160&from=bu&u=OrAeUzoonctOuyYeitCWiVr815crRKzyhQSXBxhb5ao&cs=50x75'}, {'height': 2160, 'type': 'w', 'width': 1440, 'url': 'https://sun9-34.userapi.com/s/v1/ig2/3FDNTyzfmaONVZtJ8a_QscwxUKk3tVesciDoRI8h2JM-EGN5ad5MP7yv8B4oSTj_eZqFTWgF18jNdn59P7oy6NvM.jpg?quality=96&as=32x48,48x72,72x108,108x162,160x240,240x360,360x540,480x720,540x810,640x960,720x1080,1080x1620,1280x1920,1440x2160&from=bu&u=OrAeUzoonctOuyYeitCWiVr815crRKzyhQSXBxhb5ao&cs=1440x2160'}, {'height': 604, 'type': 'x', 'width': 403, 'url': 'https://sun9-34.userapi.com/s/v1/ig2/3FDNTyzfmaONVZtJ8a_QscwxUKk3tVesciDoRI8h2JM-EGN5ad5MP7yv8B4oSTj_eZqFTWgF18jNdn59P7oy6NvM.jpg?quality=96&as=32x48,48x72,72x108,108x162,160x240,240x360,360x540,480x720,540x810,640x960,720x1080,1080x1620,1280x1920,1440x2160&from=bu&u=OrAeUzoonctOuyYeitCWiVr815crRKzyhQSXBxhb5ao&cs=403x604'}, {'height': 807, 'type': 'y', 'width': 538, 'url': 'https://sun9-34.userapi.com/s/v1/ig2/3FDNTyzfmaONVZtJ8a_QscwxUKk3tVesciDoRI8h2JM-EGN5ad5MP7yv8B4oSTj_eZqFTWgF18jNdn59P7oy6NvM.jpg?quality=96&as=32x48,48x72,72x108,108x162,160x240,240x360,360x540,480x720,540x810,640x960,720x1080,1080x1620,1280x1920,1440x2160&from=bu&u=OrAeUzoonctOuyYeitCWiVr815crRKzyhQSXBxhb5ao&cs=538x807'}, {'height': 1080, 'type': 'z', 'width': 720, 'url': 'https://sun9-34.userapi.com/s/v1/ig2/3FDNTyzfmaONVZtJ8a_QscwxUKk3tVesciDoRI8h2JM-EGN5ad5MP7yv8B4oSTj_eZqFTWgF18jNdn59P7oy6NvM.jpg?quality=96&as=32x48,48x72,72x108,108x162,160x240,240x360,360x540,480x720,540x810,640x960,720x1080,1080x1620,1280x1920,1440x2160&from=bu&u=OrAeUzoonctOuyYeitCWiVr815crRKzyhQSXBxhb5ao&cs=720x1080'}], 'text': '', 'user_id': 100, 'web_view_token': '959f3e3e20c078683c', 'orig_photo': {'height': 2160, 'type': 'base', 'url': 'https://sun9-34.userapi.com/s/v1/ig2/3FDNTyzfmaONVZtJ8a_QscwxUKk3tVesciDoRI8h2JM-EGN5ad5MP7yv8B4oSTj_eZqFTWgF18jNdn59P7oy6NvM.jpg?quality=96&as=32x48,48x72,72x108,108x162,160x240,240x360,360x540,480x720,540x810,640x960,720x1080,1080x1620,1280x1920,1440x2160&from=bu&u=OrAeUzoonctOuyYeitCWiVr815crRKzyhQSXBxhb5ao', 'width': 1440}}, 'style': 'full'}, {'type': 'photo', 'photo': {'album_id': -7, 'date': 1730449519, 'id': 457241229, 'owner_id': -30513532, 'access_key': 'ce2af31882140dc951', 'sizes': [{'height': 73, 'type': 'm', 'width': 130, 'url': 'https://sun9-67.userapi.com/s/v1/ig2/Btlmxh1b1QfesZWX-KzR03fhp8dYcw1iJaAGsUkYhEdtiQy2rNRE1hzciUh6k0y_NK9N6VgzbLF_yx8ZODl8ju7H.jpg?quality=96&as=32x18,48x27,72x40,108x60,160x89,240x134,360x201,480x268,540x302,640x358,720x402,1080x604,1280x715,1440x805,2560x1431&from=bu&u=VZFiUSfw0_vh_-FSg4rkZCb7WHMGphb_1M10inFCfIM&cs=130x73'}, {'height': 87, 'type': 'o', 'width': 130, 'url': 'https://sun9-67.userapi.com/s/v1/ig2/Btlmxh1b1QfesZWX-KzR03fhp8dYcw1iJaAGsUkYhEdtiQy2rNRE1hzciUh6k0y_NK9N6VgzbLF_yx8ZODl8ju7H.jpg?quality=96&as=32x18,48x27,72x40,108x60,160x89,240x134,360x201,480x268,540x302,640x358,720x402,1080x604,1280x715,1440x805,2560x1431&from=bu&u=VZFiUSfw0_vh_-FSg4rkZCb7WHMGphb_1M10inFCfIM&cs=130x87'}, {'height': 133, 'type': 'p', 'width': 200, 'url': 'https://sun9-67.userapi.com/s/v1/ig2/Btlmxh1b1QfesZWX-KzR03fhp8dYcw1iJaAGsUkYhEdtiQy2rNRE1hzciUh6k0y_NK9N6VgzbLF_yx8ZODl8ju7H.jpg?quality=96&as=32x18,48x27,72x40,108x60,160x89,240x134,360x201,480x268,540x302,640x358,720x402,1080x604,1280x715,1440x805,2560x1431&from=bu&u=VZFiUSfw0_vh_-FSg4rkZCb7WHMGphb_1M10inFCfIM&cs=200x133'}, {'height': 213, 'type': 'q', 'width': 320, 'url': 'https://sun9-67.userapi.com/s/v1/ig2/Btlmxh1b1QfesZWX-KzR03fhp8dYcw1iJaAGsUkYhEdtiQy2rNRE1hzciUh6k0y_NK9N6VgzbLF_yx8ZODl8ju7H.jpg?quality=96&as=32x18,48x27,72x40,108x60,160x89,240x134,360x201,480x268,540x302,640x358,720x402,1080x604,1280x715,1440x805,2560x1431&from=bu&u=VZFiUSfw0_vh_-FSg4rkZCb7WHMGphb_1M10inFCfIM&cs=320x213'}, {'height': 340, 'type': 'r', 'width': 510, 'url': 'https://sun9-67.userapi.com/s/v1/ig2/Btlmxh1b1QfesZWX-KzR03fhp8dYcw1iJaAGsUkYhEdtiQy2rNRE1hzciUh6k0y_NK9N6VgzbLF_yx8ZODl8ju7H.jpg?quality=96&as=32x18,48x27,72x40,108x60,160x89,240x134,360x201,480x268,540x302,640x358,720x402,1080x604,1280x715,1440x805,2560x1431&from=bu&u=VZFiUSfw0_vh_-FSg4rkZCb7WHMGphb_1M10inFCfIM&cs=510x340'}, {'height': 42, 'type': 's', 'width': 75, 'url': 'https://sun9-67.userapi.com/s/v1/ig2/Btlmxh1b1QfesZWX-KzR03fhp8dYcw1iJaAGsUkYhEdtiQy2rNRE1hzciUh6k0y_NK9N6VgzbLF_yx8ZODl8ju7H.jpg?quality=96&as=32x18,48x27,72x40,108x60,160x89,240x134,360x201,480x268,540x302,640x358,720x402,1080x604,1280x715,1440x805,2560x1431&from=bu&u=VZFiUSfw0_vh_-FSg4rkZCb7WHMGphb_1M10inFCfIM&cs=75x42'}, {'height': 1431, 'type': 'w', 'width': 2560, 'url': 'https://sun9-67.userapi.com/s/v1/ig2/Btlmxh1b1QfesZWX-KzR03fhp8dYcw1iJaAGsUkYhEdtiQy2rNRE1hzciUh6k0y_NK9N6VgzbLF_yx8ZODl8ju7H.jpg?quality=96&as=32x18,48x27,72x40,108x60,160x89,240x134,360x201,480x268,540x302,640x358,720x402,1080x604,1280x715,1440x805,2560x1431&from=bu&u=VZFiUSfw0_vh_-FSg4rkZCb7WHMGphb_1M10inFCfIM&cs=2560x1431'}, {'height': 338, 'type': 'x', 'width': 604, 'url': 'https://sun9-67.userapi.com/s/v1/ig2/Btlmxh1b1QfesZWX-KzR03fhp8dYcw1iJaAGsUkYhEdtiQy2rNRE1hzciUh6k0y_NK9N6VgzbLF_yx8ZODl8ju7H.jpg?quality=96&as=32x18,48x27,72x40,108x60,160x89,240x134,360x201,480x268,540x302,640x358,720x402,1080x604,1280x715,1440x805,2560x1431&from=bu&u=VZFiUSfw0_vh_-FSg4rkZCb7WHMGphb_1M10inFCfIM&cs=604x338'}, {'height': 451, 'type': 'y', 'width': 807, 'url': 'https://sun9-67.userapi.com/s/v1/ig2/Btlmxh1b1QfesZWX-KzR03fhp8dYcw1iJaAGsUkYhEdtiQy2rNRE1hzciUh6k0y_NK9N6VgzbLF_yx8ZODl8ju7H.jpg?quality=96&as=32x18,48x27,72x40,108x60,160x89,240x134,360x201,480x268,540x302,640x358,720x402,1080x604,1280x715,1440x805,2560x1431&from=bu&u=VZFiUSfw0_vh_-FSg4rkZCb7WHMGphb_1M10inFCfIM&cs=807x451'}, {'height': 715, 'type': 'z', 'width': 1280, 'url': 'https://sun9-67.userapi.com/s/v1/ig2/Btlmxh1b1QfesZWX-KzR03fhp8dYcw1iJaAGsUkYhEdtiQy2rNRE1hzciUh6k0y_NK9N6VgzbLF_yx8ZODl8ju7H.jpg?quality=96&as=32x18,48x27,72x40,108x60,160x89,240x134,360x201,480x268,540x302,640x358,720x402,1080x604,1280x715,1440x805,2560x1431&from=bu&u=VZFiUSfw0_vh_-FSg4rkZCb7WHMGphb_1M10inFCfIM&cs=1280x715'}], 'text': '', 'user_id': 100, 'web_view_token': '3790b59ff8d9b75ca0', 'orig_photo': {'height': 1431, 'type': 'base', 'url': 'https://sun9-67.userapi.com/s/v1/ig2/Btlmxh1b1QfesZWX-KzR03fhp8dYcw1iJaAGsUkYhEdtiQy2rNRE1hzciUh6k0y_NK9N6VgzbLF_yx8ZODl8ju7H.jpg?quality=96&as=32x18,48x27,72x40,108x60,160x89,240x134,360x201,480x268,540x302,640x358,720x402,1080x604,1280x715,1440x805,2560x1431&from=bu&u=VZFiUSfw0_vh_-FSg4rkZCb7WHMGphb_1M10inFCfIM', 'width': 2560}}, 'style': 'full'}, {'type': 'photo', 'photo': {'album_id': -7, 'date': 1730449519, 'id': 457241230, 'owner_id': -30513532, 'access_key': 'd585c2d92de29ef7a9', 'sizes': [{'height': 130, 'type': 'm', 'width': 87, 'url': 'https://sun164-2.userapi.com/s/v1/ig2/jt3hXf6XjWFLCVWdOQqIYl2QSA8ecx2I3D-PeQv8g3OvArLWznhOH6Wqkm2ZHb457ip8h3G_DN0OY6Pbv6D_KA2D.jpg?quality=96&as=32x48,48x72,72x108,108x162,160x240,240x360,360x540,480x720,540x810,640x960,720x1080,1080x1620,1280x1920,1440x2160&from=bu&u=Zn0g0aWo29fVGzbyUopjy5rJyXVDybhaH5OMU6UUcqQ&cs=87x130'}, {'height': 195, 'type': 'o', 'width': 130, 'url': 'https://sun164-2.userapi.com/s/v1/ig2/jt3hXf6XjWFLCVWdOQqIYl2QSA8ecx2I3D-PeQv8g3OvArLWznhOH6Wqkm2ZHb457ip8h3G_DN0OY6Pbv6D_KA2D.jpg?quality=96&as=32x48,48x72,72x108,108x162,160x240,240x360,360x540,480x720,540x810,640x960,720x1080,1080x1620,1280x1920,1440x2160&from=bu&u=Zn0g0aWo29fVGzbyUopjy5rJyXVDybhaH5OMU6UUcqQ&cs=130x195'}, {'height': 300, 'type': 'p', 'width': 200, 'url': 'https://sun164-2.userapi.com/s/v1/ig2/jt3hXf6XjWFLCVWdOQqIYl2QSA8ecx2I3D-PeQv8g3OvArLWznhOH6Wqkm2ZHb457ip8h3G_DN0OY6Pbv6D_KA2D.jpg?quality=96&as=32x48,48x72,72x108,108x162,160x240,240x360,360x540,480x720,540x810,640x960,720x1080,1080x1620,1280x1920,1440x2160&from=bu&u=Zn0g0aWo29fVGzbyUopjy5rJyXVDybhaH5OMU6UUcqQ&cs=200x300'}, {'height': 480, 'type': 'q', 'width': 320, 'url': 'https://sun164-2.userapi.com/s/v1/ig2/jt3hXf6XjWFLCVWdOQqIYl2QSA8ecx2I3D-PeQv8g3OvArLWznhOH6Wqkm2ZHb457ip8h3G_DN0OY6Pbv6D_KA2D.jpg?quality=96&as=32x48,48x72,72x108,108x162,160x240,240x360,360x540,480x720,540x810,640x960,720x1080,1080x1620,1280x1920,1440x2160&from=bu&u=Zn0g0aWo29fVGzbyUopjy5rJyXVDybhaH5OMU6UUcqQ&cs=320x480'}, {'height': 765, 'type': 'r', 'width': 510, 'url': 'https://sun164-2.userapi.com/s/v1/ig2/jt3hXf6XjWFLCVWdOQqIYl2QSA8ecx2I3D-PeQv8g3OvArLWznhOH6Wqkm2ZHb457ip8h3G_DN0OY6Pbv6D_KA2D.jpg?quality=96&as=32x48,48x72,72x108,108x162,160x240,240x360,360x540,480x720,540x810,640x960,720x1080,1080x1620,1280x1920,1440x2160&from=bu&u=Zn0g0aWo29fVGzbyUopjy5rJyXVDybhaH5OMU6UUcqQ&cs=510x765'}, {'height': 75, 'type': 's', 'width': 50, 'url': 'https://sun164-2.userapi.com/s/v1/ig2/jt3hXf6XjWFLCVWdOQqIYl2QSA8ecx2I3D-PeQv8g3OvArLWznhOH6Wqkm2ZHb457ip8h3G_DN0OY6Pbv6D_KA2D.jpg?quality=96&as=32x48,48x72,72x108,108x162,160x240,240x360,360x540,480x720,540x810,640x960,720x1080,1080x1620,1280x1920,1440x2160&from=bu&u=Zn0g0aWo29fVGzbyUopjy5rJyXVDybhaH5OMU6UUcqQ&cs=50x75'}, {'height': 2160, 'type': 'w', 'width': 1440, 'url': 'https://sun164-2.userapi.com/s/v1/ig2/jt3hXf6XjWFLCVWdOQqIYl2QSA8ecx2I3D-PeQv8g3OvArLWznhOH6Wqkm2ZHb457ip8h3G_DN0OY6Pbv6D_KA2D.jpg?quality=96&as=32x48,48x72,72x108,108x162,160x240,240x360,360x540,480x720,540x810,640x960,720x1080,1080x1620,1280x1920,1440x2160&from=bu&u=Zn0g0aWo29fVGzbyUopjy5rJyXVDybhaH5OMU6UUcqQ&cs=1440x2160'}, {'height': 604, 'type': 'x', 'width': 403, 'url': 'https://sun164-2.userapi.com/s/v1/ig2/jt3hXf6XjWFLCVWdOQqIYl2QSA8ecx2I3D-PeQv8g3OvArLWznhOH6Wqkm2ZHb457ip8h3G_DN0OY6Pbv6D_KA2D.jpg?quality=96&as=32x48,48x72,72x108,108x162,160x240,240x360,360x540,480x720,540x810,640x960,720x1080,1080x1620,1280x1920,1440x2160&from=bu&u=Zn0g0aWo29fVGzbyUopjy5rJyXVDybhaH5OMU6UUcqQ&cs=403x604'}, {'height': 807, 'type': 'y', 'width': 538, 'url': 'https://sun164-2.userapi.com/s/v1/ig2/jt3hXf6XjWFLCVWdOQqIYl2QSA8ecx2I3D-PeQv8g3OvArLWznhOH6Wqkm2ZHb457ip8h3G_DN0OY6Pbv6D_KA2D.jpg?quality=96&as=32x48,48x72,72x108,108x162,160x240,240x360,360x540,480x720,540x810,640x960,720x1080,1080x1620,1280x1920,1440x2160&from=bu&u=Zn0g0aWo29fVGzbyUopjy5rJyXVDybhaH5OMU6UUcqQ&cs=538x807'}, {'height': 1080, 'type': 'z', 'width': 720, 'url': 'https://sun164-2.userapi.com/s/v1/ig2/jt3hXf6XjWFLCVWdOQqIYl2QSA8ecx2I3D-PeQv8g3OvArLWznhOH6Wqkm2ZHb457ip8h3G_DN0OY6Pbv6D_KA2D.jpg?quality=96&as=32x48,48x72,72x108,108x162,160x240,240x360,360x540,480x720,540x810,640x960,720x1080,1080x1620,1280x1920,1440x2160&from=bu&u=Zn0g0aWo29fVGzbyUopjy5rJyXVDybhaH5OMU6UUcqQ&cs=720x1080'}], 'text': '', 'user_id': 100, 'web_view_token': '32cd9ea58640f13ca6', 'orig_photo': {'height': 2160, 'type': 'base', 'url': 'https://sun164-2.userapi.com/s/v1/ig2/jt3hXf6XjWFLCVWdOQqIYl2QSA8ecx2I3D-PeQv8g3OvArLWznhOH6Wqkm2ZHb457ip8h3G_DN0OY6Pbv6D_KA2D.jpg?quality=96&as=32x48,48x72,72x108,108x162,160x240,240x360,360x540,480x720,540x810,640x960,720x1080,1080x1620,1280x1920,1440x2160&from=bu&u=Zn0g0aWo29fVGzbyUopjy5rJyXVDybhaH5OMU6UUcqQ', 'width': 1440}}, 'style': 'full'}];01.11.2024;0;0;3;;
35954;возможно ли на время забрать свой аттестат из ВУЗа, и как это сделать? анонимно;[];01.11.2024;2;1;1;;
35950;привет! очень ищу партнера на зимний студенческий бал (я ростом 165), если кто-то хотел бы, отметься, пожалуйста, в комментариях или оставь лайк 🫶 анон;[];01.11.2024;2;2;0;;
35939;Можно ли приходить в универ с собакой (немецкая овчарка)? Допустимо ли её присутствие на парах и экзаменах?;[];31.10.2024;41;5;38;;
35936;HALLOWEEN: Mad circus. 1 НОЯБРЯ | MOD CLUB Билеты → https://spb.qtickets.events/135087-halloween PRAZ.PROD - уникальная серия молодежных, тематических вечеринок: 2k17, GLAMOUR, welcome to saint tropez, antiCOVID-23, путешествие во времени, white-party - и это лишь малая часть мероприятий! Уже в эту пятницу, 1 ноября, ребята делают один из крупнейших хэлуинов Питера, в клубе MOD, не пропусти! По промокоду «REPOST», вы получаете приятную скидку Лайнап — Arturque, Barbari, Klopota, Foxy, Ailix и Yniue. Тг.канал: https://t.me/PrazProd Промокод: REPOST 15%;[{'type': 'photo', 'photo': {'album_id': -7, 'date': 1730372219, 'id': 457241223, 'owner_id': -30513532, 'access_key': '8e7be24b23bb05a9a4', 'post_id': 35931, 'sizes': [{'height': 75, 'type': 's', 'width': 75, 'url': 'https://sun9-31.userapi.com/s/v1/ig2/1ZuQjcFo5r0GzGfBYXtlb-q1gZE4hD4r8cbr559d9KZVwEE_Y7brlNsIrLWgi4VW00hJnuYAuaKPU1oddxq6MMSm.jpg?quality=95&as=32x32,48x48,72x72,108x108,160x160,240x240,360x360,480x480,540x540,640x640,720x720,1080x1080&from=bu&u=SPIT75fkXxW5fh_i-ZsKSlTZdmgwSYPjoSAy9kQp8rI&cs=75x75'}, {'height': 130, 'type': 'm', 'width': 130, 'url': 'https://sun9-31.userapi.com/s/v1/ig2/1ZuQjcFo5r0GzGfBYXtlb-q1gZE4hD4r8cbr559d9KZVwEE_Y7brlNsIrLWgi4VW00hJnuYAuaKPU1oddxq6MMSm.jpg?quality=95&as=32x32,48x48,72x72,108x108,160x160,240x240,360x360,480x480,540x540,640x640,720x720,1080x1080&from=bu&u=SPIT75fkXxW5fh_i-ZsKSlTZdmgwSYPjoSAy9kQp8rI&cs=130x130'}, {'height': 604, 'type': 'x', 'width': 604, 'url': 'https://sun9-31.userapi.com/s/v1/ig2/1ZuQjcFo5r0GzGfBYXtlb-q1gZE4hD4r8cbr559d9KZVwEE_Y7brlNsIrLWgi4VW00hJnuYAuaKPU1oddxq6MMSm.jpg?quality=95&as=32x32,48x48,72x72,108x108,160x160,240x240,360x360,480x480,540x540,640x640,720x720,1080x1080&from=bu&u=SPIT75fkXxW5fh_i-ZsKSlTZdmgwSYPjoSAy9kQp8rI&cs=604x604'}, {'height': 807, 'type': 'y', 'width': 807, 'url': 'https://sun9-31.userapi.com/s/v1/ig2/1ZuQjcFo5r0GzGfBYXtlb-q1gZE4hD4r8cbr559d9KZVwEE_Y7brlNsIrLWgi4VW00hJnuYAuaKPU1oddxq6MMSm.jpg?quality=95&as=32x32,48x48,72x72,108x108,160x160,240x240,360x360,480x480,540x540,640x640,720x720,1080x1080&from=bu&u=SPIT75fkXxW5fh_i-ZsKSlTZdmgwSYPjoSAy9kQp8rI&cs=807x807'}, {'height': 1080, 'type': 'z', 'width': 1080, 'url': 'https://sun9-31.userapi.com/s/v1/ig2/1ZuQjcFo5r0GzGfBYXtlb-q1gZE4hD4r8cbr559d9KZVwEE_Y7brlNsIrLWgi4VW00hJnuYAuaKPU1oddxq6MMSm.jpg?quality=95&as=32x32,48x48,72x72,108x108,160x160,240x240,360x360,480x480,540x540,640x640,720x720,1080x1080&from=bu&u=SPIT75fkXxW5fh_i-ZsKSlTZdmgwSYPjoSAy9kQp8rI&cs=1080x1080'}, {'height': 130, 'type': 'o', 'width': 130, 'url': 'https://sun9-31.userapi.com/s/v1/ig2/1ZuQjcFo5r0GzGfBYXtlb-q1gZE4hD4r8cbr559d9KZVwEE_Y7brlNsIrLWgi4VW00hJnuYAuaKPU1oddxq6MMSm.jpg?quality=95&as=32x32,48x48,72x72,108x108,160x160,240x240,360x360,480x480,540x540,640x640,720x720,1080x1080&from=bu&u=SPIT75fkXxW5fh_i-ZsKSlTZdmgwSYPjoSAy9kQp8rI&cs=130x130'}, {'height': 200, 'type': 'p', 'width': 200, 'url': 'https://sun9-31.userapi.com/s/v1/ig2/1ZuQjcFo5r0GzGfBYXtlb-q1gZE4hD4r8cbr559d9KZVwEE_Y7brlNsIrLWgi4VW00hJnuYAuaKPU1oddxq6MMSm.jpg?quality=95&as=32x32,48x48,72x72,108x108,160x160,240x240,360x360,480x480,540x540,640x640,720x720,1080x1080&from=bu&u=SPIT75fkXxW5fh_i-ZsKSlTZdmgwSYPjoSAy9kQp8rI&cs=200x200'}, {'height': 320, 'type': 'q', 'width': 320, 'url': 'https://sun9-31.userapi.com/s/v1/ig2/1ZuQjcFo5r0GzGfBYXtlb-q1gZE4hD4r8cbr559d9KZVwEE_Y7brlNsIrLWgi4VW00hJnuYAuaKPU1oddxq6MMSm.jpg?quality=95&as=32x32,48x48,72x72,108x108,160x160,240x240,360x360,480x480,540x540,640x640,720x720,1080x1080&from=bu&u=SPIT75fkXxW5fh_i-ZsKSlTZdmgwSYPjoSAy9kQp8rI&cs=320x320'}, {'height': 510, 'type': 'r', 'width': 510, 'url': 'https://sun9-31.userapi.com/s/v1/ig2/1ZuQjcFo5r0GzGfBYXtlb-q1gZE4hD4r8cbr559d9KZVwEE_Y7brlNsIrLWgi4VW00hJnuYAuaKPU1oddxq6MMSm.jpg?quality=95&as=32x32,48x48,72x72,108x108,160x160,240x240,360x360,480x480,540x540,640x640,720x720,1080x1080&from=bu&u=SPIT75fkXxW5fh_i-ZsKSlTZdmgwSYPjoSAy9kQp8rI&cs=510x510'}], 'text': '', 'user_id': 100, 'web_view_token': '2262e964cd0764d7c1', 'orig_photo': {'height': 1080, 'type': 'base', 'url': 'https://sun9-31.userapi.com/s/v1/ig2/1ZuQjcFo5r0GzGfBYXtlb-q1gZE4hD4r8cbr559d9KZVwEE_Y7brlNsIrLWgi4VW00hJnuYAuaKPU1oddxq6MMSm.jpg?quality=95&as=32x32,48x48,72x72,108x108,160x160,240x240,360x360,480x480,540x540,640x640,720x720,1080x1080&from=bu&u=SPIT75fkXxW5fh_i-ZsKSlTZdmgwSYPjoSAy9kQp8rI', 'width': 1080}}, 'style': 'full'}, {'type': 'link', 'link': {'url': 'https://spb.qtickets.events/135087-halloween', 'description': '', 'is_favorite': False, 'photo': {'album_id': -26, 'date': 1730372021, 'id': 457511995, 'owner_id': 2000018737, 'sizes': [{'height': 75, 'type': 's', 'width': 75, 'url': 'https://sun164-1.userapi.com/s/v1/ig2/9AS2DQSZ64rfVANDNVJzarQphSFjY1DAs2Zv90Dh8k4h29aaXo-ceMd6AurqnIsE3fYe1BBwhqg_KEnlzjFGy97s.jpg?quality=96&as=32x32,48x48,72x72,108x108,160x160,240x240,360x360,445x445&from=bu&u=Audeeq_gnL30EXhzvPKIAPpUGk0c7sragDKj0GJzVHM&cs=75x75'}, {'height': 130, 'type': 'm', 'width': 130, 'url': 'https://sun164-1.userapi.com/s/v1/ig2/9AS2DQSZ64rfVANDNVJzarQphSFjY1DAs2Zv90Dh8k4h29aaXo-ceMd6AurqnIsE3fYe1BBwhqg_KEnlzjFGy97s.jpg?quality=96&as=32x32,48x48,72x72,108x108,160x160,240x240,360x360,445x445&from=bu&u=Audeeq_gnL30EXhzvPKIAPpUGk0c7sragDKj0GJzVHM&cs=130x130'}, {'height': 445, 'type': 'x', 'width': 445, 'url': 'https://sun164-1.userapi.com/s/v1/ig2/9AS2DQSZ64rfVANDNVJzarQphSFjY1DAs2Zv90Dh8k4h29aaXo-ceMd6AurqnIsE3fYe1BBwhqg_KEnlzjFGy97s.jpg?quality=96&as=32x32,48x48,72x72,108x108,160x160,240x240,360x360,445x445&from=bu&u=Audeeq_gnL30EXhzvPKIAPpUGk0c7sragDKj0GJzVHM&cs=445x445'}, {'height': 130, 'type': 'o', 'width': 130, 'url': 'https://sun164-1.userapi.com/s/v1/ig2/9AS2DQSZ64rfVANDNVJzarQphSFjY1DAs2Zv90Dh8k4h29aaXo-ceMd6AurqnIsE3fYe1BBwhqg_KEnlzjFGy97s.jpg?quality=96&as=32x32,48x48,72x72,108x108,160x160,240x240,360x360,445x445&from=bu&u=Audeeq_gnL30EXhzvPKIAPpUGk0c7sragDKj0GJzVHM&cs=130x130'}, {'height': 200, 'type': 'p', 'width': 200, 'url': 'https://sun164-1.userapi.com/s/v1/ig2/9AS2DQSZ64rfVANDNVJzarQphSFjY1DAs2Zv90Dh8k4h29aaXo-ceMd6AurqnIsE3fYe1BBwhqg_KEnlzjFGy97s.jpg?quality=96&as=32x32,48x48,72x72,108x108,160x160,240x240,360x360,445x445&from=bu&u=Audeeq_gnL30EXhzvPKIAPpUGk0c7sragDKj0GJzVHM&cs=200x200'}, {'height': 320, 'type': 'q', 'width': 320, 'url': 'https://sun164-1.userapi.com/s/v1/ig2/9AS2DQSZ64rfVANDNVJzarQphSFjY1DAs2Zv90Dh8k4h29aaXo-ceMd6AurqnIsE3fYe1BBwhqg_KEnlzjFGy97s.jpg?quality=96&as=32x32,48x48,72x72,108x108,160x160,240x240,360x360,445x445&from=bu&u=Audeeq_gnL30EXhzvPKIAPpUGk0c7sragDKj0GJzVHM&cs=320x320'}, {'height': 445, 'type': 'r', 'width': 445, 'url': 'https://sun164-1.userapi.com/s/v1/ig2/9AS2DQSZ64rfVANDNVJzarQphSFjY1DAs2Zv90Dh8k4h29aaXo-ceMd6AurqnIsE3fYe1BBwhqg_KEnlzjFGy97s.jpg?quality=96&as=32x32,48x48,72x72,108x108,160x160,240x240,360x360,445x445&from=bu&u=Audeeq_gnL30EXhzvPKIAPpUGk0c7sragDKj0GJzVHM&cs=445x445'}], 'text': '', 'user_id': 100, 'web_view_token': 'b657e5362bce816d7e', 'orig_photo': {'height': 445, 'type': 'base', 'url': 'https://sun164-1.userapi.com/s/v1/ig2/9AS2DQSZ64rfVANDNVJzarQphSFjY1DAs2Zv90Dh8k4h29aaXo-ceMd6AurqnIsE3fYe1BBwhqg_KEnlzjFGy97s.jpg?quality=96&as=32x32,48x48,72x72,108x108,160x160,240x240,360x360,445x445&from=bu&u=Audeeq_gnL30EXhzvPKIAPpUGk0c7sragDKj0GJzVHM', 'width': 445}}, 'title': 'Билеты на вечеринку HALLOWEEN, 1 ноября 2024, Клуб «MOD» (Санкт-Петербург)', 'target': 'internal'}, 'style': 'compact', 'compact': {'icons': [{'sizes': [{'height': 320, 'type': 'q', 'width': 320, 'url': 'https://sun164-1.userapi.com/s/v1/ig2/9AS2DQSZ64rfVANDNVJzarQphSFjY1DAs2Zv90Dh8k4h29aaXo-ceMd6AurqnIsE3fYe1BBwhqg_KEnlzjFGy97s.jpg?quality=96&as=32x32,48x48,72x72,108x108,160x160,240x240,360x360,445x445&from=bu&u=Audeeq_gnL30EXhzvPKIAPpUGk0c7sragDKj0GJzVHM&cs=320x320'}]}], 'title': {'text': {'text': 'Билеты на вечеринку HALLOWEEN, 1 ноября 2024, Клуб «MOD» (Санкт-Петербург)'}}, 'description': {'text': {'text': 'spb.qtickets.events'}}}}];31.10.2024;1;0;0;;
35933;Анон Могут ли отчислить на 4 курсе, если не ходить на пары?;[];31.10.2024;1;1;1;;
35930;Можно ли сейчас поменять майнор?;[];31.10.2024;0;0;0;;
35917;Какой ipad лучше купить для учёбы. Оптимальный вариант без понтов, но чтобы работал норм.;[];30.10.2024;1;7;3;;
35914;Можно ли перевестись сейчас в другую группу и в этом же семестре учиться там?;[];30.10.2024;3;1;0;;
35910;анон друзья, ни в коем случае не хочу разжечь войну между вузами, но, может, кто-то из вас выбирал для поступления между питерской Вышкой и ВШМ СПБГУ? почему сделали выбор в пользу Вышки?;[];30.10.2024;6;4;7;;
35895;Любимый мультик детства??..;[];29.10.2024;1;12;1;;
35893;Привет! Старшекурсники или выпускники комдизайна, могу задать пару вопросов?;[];29.10.2024;0;0;0;;
35892;"Консультации, разборы и реальная помощь с предметами от [https://vk.com/hochu_vse_sdat1?w=wall-118828995_2010|""Хочу все сдать""]";[];29.10.2024;0;0;0;;
35890;Всем привет! 😊 Я провожу небольшое исследование и хочу узнать, что вы думаете о том, как в универе преподают компьютерные программы для дизайна. Будет мини-интервью, не более 10-15 минут — просто поговорим о том, что нравится, что не очень и что можно улучшить. Если тебе хочется поделиться своим мнением — буду рада пообщаться. Заранее всех благодарю 🙏;[];29.10.2024;0;1;0;;
35877;Всем привет! Подскажите, пожалуйста, я окончил ВУЗ, но диплом не забирал. Как я понял, он находится в архиве. Сейчас мне нужен номер диплома, можно ли как то его узнать по телефону? Спасибо.;[];28.10.2024;4;1;1;;
35876;могут ли перевести в др группу вместе с подругой? И как это устроить;[];28.10.2024;5;1;2;;
35870;Анон 1 курс управбиз, ищу курсы/интенсивы по матанализу на 2 модуль, нужна подготовка на высокие баллы к кр2, кр 3 и экзамену. Минимально интересуют индивидуальные занятия, скорее записанные видео уроки. База хорошая, но кр 1 написана плохо. Не бесплатно. Смотреть буду в комментариях.;[];28.10.2024;5;2;3;;
35862;Как перевестись с очки на вечернее? Анон;[];27.10.2024;0;2;0;;
35859;кто учится на медиакоме либо менеджменте, расскажите о вашем направлении, адекватности преподов и предметов;[];27.10.2024;0;4;0;;
35857;Ищу соседку, чтобы переехать в вертикаль;[];27.10.2024;0;0;0;;
35853;"Кто-нибудь участвовал в проекте ""Научно-учебный центр публичных коммуникаций и символической политики""? Можете дать отзыв и стоит ли туда идти на 1 курсе Анон 🙏";[];26.10.2024;0;0;0;;
35851;ищу соседку в апарты на лесной (вертикаль) анонимно, напишу тем, кто лайкнет;[];26.10.2024;0;0;0;;
35845;Прошу пожалуйста найти эту милую даму, к сожалению она забрала зонт моей подруги. Буду очень признателен, если она оставит его у охраны. Анон;[{'type': 'photo', 'photo': {'album_id': -7, 'date': 1729855959, 'id': 457241212, 'owner_id': -30513532, 'access_key': '96852540f92ae95583', 'sizes': [{'height': 75, 'type': 's', 'width': 56, 'url': 'https://sun9-58.userapi.com/s/v1/ig2/rhXlSytOuKBQHWZrvOaL0V2jnir9dDSTt-Z5FFvjmvK9yba8ZxjJrQdmxnm0KX2FP4Dbi1VHn5o8dFcfYz8gNah-.jpg?quality=95&as=32x43,48x64,72x96,108x144,160x213,240x320,360x480,480x640,540x720,640x853,720x960,960x1280&from=bu&u=ea1PNveWXwONeu02JWwsw1Ka9q7Jp29ph0NAoDYSoiQ&cs=56x75'}, {'height': 130, 'type': 'm', 'width': 97, 'url': 'https://sun9-58.userapi.com/s/v1/ig2/rhXlSytOuKBQHWZrvOaL0V2jnir9dDSTt-Z5FFvjmvK9yba8ZxjJrQdmxnm0KX2FP4Dbi1VHn5o8dFcfYz8gNah-.jpg?quality=95&as=32x43,48x64,72x96,108x144,160x213,240x320,360x480,480x640,540x720,640x853,720x960,960x1280&from=bu&u=ea1PNveWXwONeu02JWwsw1Ka9q7Jp29ph0NAoDYSoiQ&cs=97x130'}, {'height': 604, 'type': 'x', 'width': 453, 'url': 'https://sun9-58.userapi.com/s/v1/ig2/rhXlSytOuKBQHWZrvOaL0V2jnir9dDSTt-Z5FFvjmvK9yba8ZxjJrQdmxnm0KX2FP4Dbi1VHn5o8dFcfYz8gNah-.jpg?quality=95&as=32x43,48x64,72x96,108x144,160x213,240x320,360x480,480x640,540x720,640x853,720x960,960x1280&from=bu&u=ea1PNveWXwONeu02JWwsw1Ka9q7Jp29ph0NAoDYSoiQ&cs=453x604'}, {'height': 807, 'type': 'y', 'width': 605, 'url': 'https://sun9-58.userapi.com/s/v1/ig2/rhXlSytOuKBQHWZrvOaL0V2jnir9dDSTt-Z5FFvjmvK9yba8ZxjJrQdmxnm0KX2FP4Dbi1VHn5o8dFcfYz8gNah-.jpg?quality=95&as=32x43,48x64,72x96,108x144,160x213,240x320,360x480,480x640,540x720,640x853,720x960,960x1280&from=bu&u=ea1PNveWXwONeu02JWwsw1Ka9q7Jp29ph0NAoDYSoiQ&cs=605x807'}, {'height': 1080, 'type': 'z', 'width': 810, 'url': 'https://sun9-58.userapi.com/s/v1/ig2/rhXlSytOuKBQHWZrvOaL0V2jnir9dDSTt-Z5FFvjmvK9yba8ZxjJrQdmxnm0KX2FP4Dbi1VHn5o8dFcfYz8gNah-.jpg?quality=95&as=32x43,48x64,72x96,108x144,160x213,240x320,360x480,480x640,540x720,640x853,720x960,960x1280&from=bu&u=ea1PNveWXwONeu02JWwsw1Ka9q7Jp29ph0NAoDYSoiQ&cs=810x1080'}, {'height': 1280, 'type': 'w', 'width': 960, 'url': 'https://sun9-58.userapi.com/s/v1/ig2/rhXlSytOuKBQHWZrvOaL0V2jnir9dDSTt-Z5FFvjmvK9yba8ZxjJrQdmxnm0KX2FP4Dbi1VHn5o8dFcfYz8gNah-.jpg?quality=95&as=32x43,48x64,72x96,108x144,160x213,240x320,360x480,480x640,540x720,640x853,720x960,960x1280&from=bu&u=ea1PNveWXwONeu02JWwsw1Ka9q7Jp29ph0NAoDYSoiQ&cs=960x1280'}, {'height': 173, 'type': 'o', 'width': 130, 'url': 'https://sun9-58.userapi.com/s/v1/ig2/rhXlSytOuKBQHWZrvOaL0V2jnir9dDSTt-Z5FFvjmvK9yba8ZxjJrQdmxnm0KX2FP4Dbi1VHn5o8dFcfYz8gNah-.jpg?quality=95&as=32x43,48x64,72x96,108x144,160x213,240x320,360x480,480x640,540x720,640x853,720x960,960x1280&from=bu&u=ea1PNveWXwONeu02JWwsw1Ka9q7Jp29ph0NAoDYSoiQ&cs=130x173'}, {'height': 267, 'type': 'p', 'width': 200, 'url': 'https://sun9-58.userapi.com/s/v1/ig2/rhXlSytOuKBQHWZrvOaL0V2jnir9dDSTt-Z5FFvjmvK9yba8ZxjJrQdmxnm0KX2FP4Dbi1VHn5o8dFcfYz8gNah-.jpg?quality=95&as=32x43,48x64,72x96,108x144,160x213,240x320,360x480,480x640,540x720,640x853,720x960,960x1280&from=bu&u=ea1PNveWXwONeu02JWwsw1Ka9q7Jp29ph0NAoDYSoiQ&cs=200x267'}, {'height': 427, 'type': 'q', 'width': 320, 'url': 'https://sun9-58.userapi.com/s/v1/ig2/rhXlSytOuKBQHWZrvOaL0V2jnir9dDSTt-Z5FFvjmvK9yba8ZxjJrQdmxnm0KX2FP4Dbi1VHn5o8dFcfYz8gNah-.jpg?quality=95&as=32x43,48x64,72x96,108x144,160x213,240x320,360x480,480x640,540x720,640x853,720x960,960x1280&from=bu&u=ea1PNveWXwONeu02JWwsw1Ka9q7Jp29ph0NAoDYSoiQ&cs=320x427'}, {'height': 680, 'type': 'r', 'width': 510, 'url': 'https://sun9-58.userapi.com/s/v1/ig2/rhXlSytOuKBQHWZrvOaL0V2jnir9dDSTt-Z5FFvjmvK9yba8ZxjJrQdmxnm0KX2FP4Dbi1VHn5o8dFcfYz8gNah-.jpg?quality=95&as=32x43,48x64,72x96,108x144,160x213,240x320,360x480,480x640,540x720,640x853,720x960,960x1280&from=bu&u=ea1PNveWXwONeu02JWwsw1Ka9q7Jp29ph0NAoDYSoiQ&cs=510x680'}], 'text': '', 'user_id': 100, 'web_view_token': '632885e3b9194b754d', 'orig_photo': {'height': 1280, 'type': 'base', 'url': 'https://sun9-58.userapi.com/s/v1/ig2/rhXlSytOuKBQHWZrvOaL0V2jnir9dDSTt-Z5FFvjmvK9yba8ZxjJrQdmxnm0KX2FP4Dbi1VHn5o8dFcfYz8gNah-.jpg?quality=95&as=32x43,48x64,72x96,108x144,160x213,240x320,360x480,480x640,540x720,640x853,720x960,960x1280&from=bu&u=ea1PNveWXwONeu02JWwsw1Ka9q7Jp29ph0NAoDYSoiQ', 'width': 960}}, 'style': 'full'}, {'type': 'photo', 'photo': {'album_id': -7, 'date': 1729892756, 'id': 457241213, 'owner_id': -30513532, 'access_key': '0f6607a52dc2677ebb', 'sizes': [{'height': 75, 'type': 's', 'width': 56, 'url': 'https://sun9-43.userapi.com/s/v1/ig2/pTDlSdRCyOaDPtJZVEI5N2x2w9VSoguMD6qlD9suWxHpfsPf1F3valQNRxMcg8cLbOoZdZqVFZB_NUCeM2oENanp.jpg?quality=95&as=32x43,48x64,72x96,108x144,160x213,240x320,360x480,480x640,540x720,640x853,720x960,960x1280&from=bu&u=r0hT0g4NIOXbTsS33j7hbugWCIYugjelOZ1_4VA9uxE&cs=56x75'}, {'height': 130, 'type': 'm', 'width': 97, 'url': 'https://sun9-43.userapi.com/s/v1/ig2/pTDlSdRCyOaDPtJZVEI5N2x2w9VSoguMD6qlD9suWxHpfsPf1F3valQNRxMcg8cLbOoZdZqVFZB_NUCeM2oENanp.jpg?quality=95&as=32x43,48x64,72x96,108x144,160x213,240x320,360x480,480x640,540x720,640x853,720x960,960x1280&from=bu&u=r0hT0g4NIOXbTsS33j7hbugWCIYugjelOZ1_4VA9uxE&cs=97x130'}, {'height': 604, 'type': 'x', 'width': 453, 'url': 'https://sun9-43.userapi.com/s/v1/ig2/pTDlSdRCyOaDPtJZVEI5N2x2w9VSoguMD6qlD9suWxHpfsPf1F3valQNRxMcg8cLbOoZdZqVFZB_NUCeM2oENanp.jpg?quality=95&as=32x43,48x64,72x96,108x144,160x213,240x320,360x480,480x640,540x720,640x853,720x960,960x1280&from=bu&u=r0hT0g4NIOXbTsS33j7hbugWCIYugjelOZ1_4VA9uxE&cs=453x604'}, {'height': 807, 'type': 'y', 'width': 605, 'url': 'https://sun9-43.userapi.com/s/v1/ig2/pTDlSdRCyOaDPtJZVEI5N2x2w9VSoguMD6qlD9suWxHpfsPf1F3valQNRxMcg8cLbOoZdZqVFZB_NUCeM2oENanp.jpg?quality=95&as=32x43,48x64,72x96,108x144,160x213,240x320,360x480,480x640,540x720,640x853,720x960,960x1280&from=bu&u=r0hT0g4NIOXbTsS33j7hbugWCIYugjelOZ1_4VA9uxE&cs=605x807'}, {'height': 1080, 'type': 'z', 'width': 810, 'url': 'https://sun9-43.userapi.com/s/v1/ig2/pTDlSdRCyOaDPtJZVEI5N2x2w9VSoguMD6qlD9suWxHpfsPf1F3valQNRxMcg8cLbOoZdZqVFZB_NUCeM2oENanp.jpg?quality=95&as=32x43,48x64,72x96,108x144,160x213,240x320,360x480,480x640,540x720,640x853,720x960,960x1280&from=bu&u=r0hT0g4NIOXbTsS33j7hbugWCIYugjelOZ1_4VA9uxE&cs=810x1080'}, {'height': 1280, 'type': 'w', 'width': 960, 'url': 'https://sun9-43.userapi.com/s/v1/ig2/pTDlSdRCyOaDPtJZVEI5N2x2w9VSoguMD6qlD9suWxHpfsPf1F3valQNRxMcg8cLbOoZdZqVFZB_NUCeM2oENanp.jpg?quality=95&as=32x43,48x64,72x96,108x144,160x213,240x320,360x480,480x640,540x720,640x853,720x960,960x1280&from=bu&u=r0hT0g4NIOXbTsS33j7hbugWCIYugjelOZ1_4VA9uxE&cs=960x1280'}, {'height': 173, 'type': 'o', 'width': 130, 'url': 'https://sun9-43.userapi.com/s/v1/ig2/pTDlSdRCyOaDPtJZVEI5N2x2w9VSoguMD6qlD9suWxHpfsPf1F3valQNRxMcg8cLbOoZdZqVFZB_NUCeM2oENanp.jpg?quality=95&as=32x43,48x64,72x96,108x144,160x213,240x320,360x480,480x640,540x720,640x853,720x960,960x1280&from=bu&u=r0hT0g4NIOXbTsS33j7hbugWCIYugjelOZ1_4VA9uxE&cs=130x173'}, {'height': 267, 'type': 'p', 'width': 200, 'url': 'https://sun9-43.userapi.com/s/v1/ig2/pTDlSdRCyOaDPtJZVEI5N2x2w9VSoguMD6qlD9suWxHpfsPf1F3valQNRxMcg8cLbOoZdZqVFZB_NUCeM2oENanp.jpg?quality=95&as=32x43,48x64,72x96,108x144,160x213,240x320,360x480,480x640,540x720,640x853,720x960,960x1280&from=bu&u=r0hT0g4NIOXbTsS33j7hbugWCIYugjelOZ1_4VA9uxE&cs=200x267'}, {'height': 427, 'type': 'q', 'width': 320, 'url': 'https://sun9-43.userapi.com/s/v1/ig2/pTDlSdRCyOaDPtJZVEI5N2x2w9VSoguMD6qlD9suWxHpfsPf1F3valQNRxMcg8cLbOoZdZqVFZB_NUCeM2oENanp.jpg?quality=95&as=32x43,48x64,72x96,108x144,160x213,240x320,360x480,480x640,540x720,640x853,720x960,960x1280&from=bu&u=r0hT0g4NIOXbTsS33j7hbugWCIYugjelOZ1_4VA9uxE&cs=320x427'}, {'height': 680, 'type': 'r', 'width': 510, 'url': 'https://sun9-43.userapi.com/s/v1/ig2/pTDlSdRCyOaDPtJZVEI5N2x2w9VSoguMD6qlD9suWxHpfsPf1F3valQNRxMcg8cLbOoZdZqVFZB_NUCeM2oENanp.jpg?quality=95&as=32x43,48x64,72x96,108x144,160x213,240x320,360x480,480x640,540x720,640x853,720x960,960x1280&from=bu&u=r0hT0g4NIOXbTsS33j7hbugWCIYugjelOZ1_4VA9uxE&cs=510x680'}], 'text': '', 'user_id': 100, 'web_view_token': '6138c51dcdaab67bc3', 'orig_photo': {'height': 1280, 'type': 'base', 'url': 'https://sun9-43.userapi.com/s/v1/ig2/pTDlSdRCyOaDPtJZVEI5N2x2w9VSoguMD6qlD9suWxHpfsPf1F3valQNRxMcg8cLbOoZdZqVFZB_NUCeM2oENanp.jpg?quality=95&as=32x43,48x64,72x96,108x144,160x213,240x320,360x480,480x640,540x720,640x853,720x960,960x1280&from=bu&u=r0hT0g4NIOXbTsS33j7hbugWCIYugjelOZ1_4VA9uxE', 'width': 960}}, 'style': 'full'}];25.10.2024;5;0;4;;
35839;Анон Подскажите, пожалуйста Куда обращаться чтобы заключить договор с общагой или спросить о наличии свободных мест? Если это имеет значение, то учусь на бюджете по квоте;[];25.10.2024;0;0;0;;
35837;Всем здравствуйте. Хочу оформить академический отпуск, но особой причины, так чтоб документами подтвердить нет. Подскажите, можно ли в такой ситуации его как-то получить?  Анон;[];25.10.2024;7;1;1;;
35835;Через сколько выходит приказ об отчислении после подачи заявления?;[];25.10.2024;3;0;0;;
35833;на канте потеряла зарядку эпловскую, если найдете, отпишитесь пожалуйста 🙏🏻;[];25.10.2024;1;0;0;;
35821;Привет! В корпусе на Грибоедова 23 октября потеряла браслет из деревянных бусин, скорее всего, забыла в уборной на втором этаже около 18.00. Позже он оттуда исчез, на охране и в раздевалке нет( дорог как память, очень хотела бы найти. Если кто-то нашел, отпишитесь, пожалуйста;[];24.10.2024;1;0;0;;
35817;Ребята с  аналитики в экономике,  кто может подробно рассказать о программе, как проходит учеба, насколько сложные вообще предметы? Анон, найду по лайкам, спасибо;[];24.10.2024;14;3;1;;
35812;"Анонимно, пожалуйста Ребята с 3 курса, у кого майнор ""Коммерческая дипломатия"", отзовитесь, пожалуйста Если правильно понимаю, что ваш майнор и нынешний ""Коммерческая дипломатия и международная торговля"" очень похожи, то хотелось бы задать пару вопросов по поводу обучения";[];24.10.2024;1;0;0;;
35804;Всем привет! Что делать, если не можешь ужиться с соседкой? Она курит и пьёт в комнате, за это её же должны 100% выселить? Или можно как-то договориться с комендой, чтобы та переселила меня или соседку? анон;[];23.10.2024;6;1;13;;
35802;Не анон. Привет всем. Ищу соседа в вертикаль. Старый съезжает, нужен новый сожитель.;[];23.10.2024;0;0;0;;
35798;Кто забыл AirPods на канте, 4 этаж? Оставил у охраны;[{'type': 'photo', 'photo': {'album_id': -7, 'date': 1729620381, 'id': 457241205, 'owner_id': -30513532, 'access_key': 'f772f9a94f4b9d8c48', 'post_id': 35783, 'sizes': [{'height': 75, 'type': 's', 'width': 56, 'url': 'https://sun9-48.userapi.com/s/v1/ig2/eM_4rb_KDvMcKbPgfSZ_VqxL60u45fjb0i36WAq9q-4-eAbdiOzPq89uRJGoCMNAyJzPoNXpqMQnvDIOATLK9CRt.jpg?quality=95&as=32x43,48x64,72x96,108x144,160x213,240x320,360x480,480x640,540x720,640x853,720x960,1080x1440,1280x1707,1440x1920,1920x2560&from=bu&u=GsKIqHoMlPBrxcaJfMlJSRYeVN19uwU4uboEg48m3uU&cs=56x75'}, {'height': 130, 'type': 'm', 'width': 97, 'url': 'https://sun9-48.userapi.com/s/v1/ig2/eM_4rb_KDvMcKbPgfSZ_VqxL60u45fjb0i36WAq9q-4-eAbdiOzPq89uRJGoCMNAyJzPoNXpqMQnvDIOATLK9CRt.jpg?quality=95&as=32x43,48x64,72x96,108x144,160x213,240x320,360x480,480x640,540x720,640x853,720x960,1080x1440,1280x1707,1440x1920,1920x2560&from=bu&u=GsKIqHoMlPBrxcaJfMlJSRYeVN19uwU4uboEg48m3uU&cs=97x130'}, {'height': 604, 'type': 'x', 'width': 453, 'url': 'https://sun9-48.userapi.com/s/v1/ig2/eM_4rb_KDvMcKbPgfSZ_VqxL60u45fjb0i36WAq9q-4-eAbdiOzPq89uRJGoCMNAyJzPoNXpqMQnvDIOATLK9CRt.jpg?quality=95&as=32x43,48x64,72x96,108x144,160x213,240x320,360x480,480x640,540x720,640x853,720x960,1080x1440,1280x1707,1440x1920,1920x2560&from=bu&u=GsKIqHoMlPBrxcaJfMlJSRYeVN19uwU4uboEg48m3uU&cs=453x604'}, {'height': 807, 'type': 'y', 'width': 605, 'url': 'https://sun9-48.userapi.com/s/v1/ig2/eM_4rb_KDvMcKbPgfSZ_VqxL60u45fjb0i36WAq9q-4-eAbdiOzPq89uRJGoCMNAyJzPoNXpqMQnvDIOATLK9CRt.jpg?quality=95&as=32x43,48x64,72x96,108x144,160x213,240x320,360x480,480x640,540x720,640x853,720x960,1080x1440,1280x1707,1440x1920,1920x2560&from=bu&u=GsKIqHoMlPBrxcaJfMlJSRYeVN19uwU4uboEg48m3uU&cs=605x807'}, {'height': 1080, 'type': 'z', 'width': 810, 'url': 'https://sun9-48.userapi.com/s/v1/ig2/eM_4rb_KDvMcKbPgfSZ_VqxL60u45fjb0i36WAq9q-4-eAbdiOzPq89uRJGoCMNAyJzPoNXpqMQnvDIOATLK9CRt.jpg?quality=95&as=32x43,48x64,72x96,108x144,160x213,240x320,360x480,480x640,540x720,640x853,720x960,1080x1440,1280x1707,1440x1920,1920x2560&from=bu&u=GsKIqHoMlPBrxcaJfMlJSRYeVN19uwU4uboEg48m3uU&cs=810x1080'}, {'height': 2160, 'type': 'w', 'width': 1620, 'url': 'https://sun9-48.userapi.com/s/v1/ig2/eM_4rb_KDvMcKbPgfSZ_VqxL60u45fjb0i36WAq9q-4-eAbdiOzPq89uRJGoCMNAyJzPoNXpqMQnvDIOATLK9CRt.jpg?quality=95&as=32x43,48x64,72x96,108x144,160x213,240x320,360x480,480x640,540x720,640x853,720x960,1080x1440,1280x1707,1440x1920,1920x2560&from=bu&u=GsKIqHoMlPBrxcaJfMlJSRYeVN19uwU4uboEg48m3uU&cs=1620x2160'}, {'height': 173, 'type': 'o', 'width': 130, 'url': 'https://sun9-48.userapi.com/s/v1/ig2/eM_4rb_KDvMcKbPgfSZ_VqxL60u45fjb0i36WAq9q-4-eAbdiOzPq89uRJGoCMNAyJzPoNXpqMQnvDIOATLK9CRt.jpg?quality=95&as=32x43,48x64,72x96,108x144,160x213,240x320,360x480,480x640,540x720,640x853,720x960,1080x1440,1280x1707,1440x1920,1920x2560&from=bu&u=GsKIqHoMlPBrxcaJfMlJSRYeVN19uwU4uboEg48m3uU&cs=130x173'}, {'height': 267, 'type': 'p', 'width': 200, 'url': 'https://sun9-48.userapi.com/s/v1/ig2/eM_4rb_KDvMcKbPgfSZ_VqxL60u45fjb0i36WAq9q-4-eAbdiOzPq89uRJGoCMNAyJzPoNXpqMQnvDIOATLK9CRt.jpg?quality=95&as=32x43,48x64,72x96,108x144,160x213,240x320,360x480,480x640,540x720,640x853,720x960,1080x1440,1280x1707,1440x1920,1920x2560&from=bu&u=GsKIqHoMlPBrxcaJfMlJSRYeVN19uwU4uboEg48m3uU&cs=200x267'}, {'height': 427, 'type': 'q', 'width': 320, 'url': 'https://sun9-48.userapi.com/s/v1/ig2/eM_4rb_KDvMcKbPgfSZ_VqxL60u45fjb0i36WAq9q-4-eAbdiOzPq89uRJGoCMNAyJzPoNXpqMQnvDIOATLK9CRt.jpg?quality=95&as=32x43,48x64,72x96,108x144,160x213,240x320,360x480,480x640,540x720,640x853,720x960,1080x1440,1280x1707,1440x1920,1920x2560&from=bu&u=GsKIqHoMlPBrxcaJfMlJSRYeVN19uwU4uboEg48m3uU&cs=320x427'}, {'height': 680, 'type': 'r', 'width': 510, 'url': 'https://sun9-48.userapi.com/s/v1/ig2/eM_4rb_KDvMcKbPgfSZ_VqxL60u45fjb0i36WAq9q-4-eAbdiOzPq89uRJGoCMNAyJzPoNXpqMQnvDIOATLK9CRt.jpg?quality=95&as=32x43,48x64,72x96,108x144,160x213,240x320,360x480,480x640,540x720,640x853,720x960,1080x1440,1280x1707,1440x1920,1920x2560&from=bu&u=GsKIqHoMlPBrxcaJfMlJSRYeVN19uwU4uboEg48m3uU&cs=510x680'}], 'text': '', 'user_id': 100, 'web_view_token': '321a2c8170396f8243', 'orig_photo': {'height': 2560, 'type': 'base', 'url': 'https://sun9-48.userapi.com/s/v1/ig2/eM_4rb_KDvMcKbPgfSZ_VqxL60u45fjb0i36WAq9q-4-eAbdiOzPq89uRJGoCMNAyJzPoNXpqMQnvDIOATLK9CRt.jpg?quality=95&as=32x43,48x64,72x96,108x144,160x213,240x320,360x480,480x640,540x720,640x853,720x960,1080x1440,1280x1707,1440x1920,1920x2560&from=bu&u=GsKIqHoMlPBrxcaJfMlJSRYeVN19uwU4uboEg48m3uU', 'width': 1920}}, 'style': 'full'}];23.10.2024;0;0;0;;
35779;А где вообще вы больше всего любите кушац около своего корпуса?;[];22.10.2024;2;4;0;;
35775;Признавайтесь кто на фунял на проходной утром? Глаза аж слезились;[];22.10.2024;1;1;4;;
35770;Анон Что будет если не сдать НЭ по проге в 3тьи раз (вторая пересдача). Отчисление или могут оставить на иуп? ☠️;[];22.10.2024;0;1;0;;
35767;анон хозяйка розвого порше около кантемировской, отпишись пж в комментах;[];22.10.2024;49;2;14;;
35763;Всем привет! Кто может помочь с подготовкой к контрольной работе по высшей математике. Не бесплатно, найду по комментам.;[];22.10.2024;21;1;1;;
35753;Бывали случаи, когда для красного диплома разрешали пересдать 1 тройку на магистратуре?;[];21.10.2024;1;1;1;;
35739;Опишите втрой курс картинкой/мемом);[];21.10.2024;4;12;4;;
35737;всем привет!! анонимно, пожалуйста ищу человека, который поможет подготовиться к экзу по немецкому, не за бесплатно, естественно буду смотреть по лайкам :);[];21.10.2024;15;1;2;;
35729;Анон Ребята с ПМИ, где и во сколько у вас лекция по матану в понедельник? Мы с подругами с аналитики хотели прийти послушать, но забыли аудиторию🥺;[];20.10.2024;3;4;2;;
35728;Ребята, всем привет, на Грибоедова потерялась очень важная тетрадь по истории России с конспектами (предположительно на прошлой неделе, на обложке была уточка), если вы видели её где-то, напишите, пожалуйста, в комментариях. Спасибо!;[];20.10.2024;2;0;0;;
35726;анонимно подскажите, пожалуйста, как получить пгас за общественную деятельность? сколько часов или мероприятий волонтерства будет достаточно?;[];20.10.2024;0;1;0;;
35725;друзья , никто случайно не ушел в черной жилетке 48 размера в субботу с канты??? Верните хотя бы ключи😭;[];20.10.2024;0;0;0;;
35717;Добрый день! Анонимно, пожалуйста Ищу человека, который разбирается в мат анализе и может онлайн подготовить к кр после 1 модуля, конечно, не за бесплатно Сдала профмат на 82, так что я не безнадежна. Но в мат анализе ничего не поняла 🥲 Жду Вас в комментариях;[];19.10.2024;8;1;2;;
35715;всем привет! не анон ребята с УБ или Межбака, напишите в личку, мне как абитуриенту было бы очень интересно пообщаться об этих программах 💌;[];19.10.2024;6;0;0;;
35712;Всем привет! Подскажите, пожалуйста, как попасть в студию музыкальную в вышке😭 мне нужно сделать всего пару кадров для итогового проекта  Или если у вас есть друзья-музыканты, которые могут пропустить в студию  Помогите, пожалуйста🥹;[];19.10.2024;3;0;1;;
35709;Анон Подскажите, пожалуйста, влияет ли внеучебка на рейтинг? Может кредиты дают или еще что;[];19.10.2024;4;2;0;;
35699;Люди, стоящие 100 метровую очередь в столовую на Канте, на что вы надеетесь? Люди, стоящие 100 метровую очередь в слой, к вам вопросов нет;[];18.10.2024;129;1;10;;
35696;Кто-то забыл в слое на Грибе 17.10 документы, оставили их у работников слоя;[];18.10.2024;0;0;0;;
35692;Нашли по дороге в Канту. Оставили у охраны;[{'type': 'photo', 'photo': {'album_id': -7, 'date': 1729172075, 'id': 457241185, 'owner_id': -30513532, 'access_key': 'a0605e53ab07890f6f', 'sizes': [{'height': 75, 'type': 's', 'width': 56, 'url': 'https://sun9-41.userapi.com/s/v1/ig2/iBg54PeF7QxSIUZ7IaX15g9sbBn_wDhr5XcrOsXcScle-e_k0VCh_TI8OIO61bsiFzC0C89zWfhHIcrCR3ui57Lm.jpg?quality=95&as=32x43,48x64,72x96,108x144,160x213,240x320,360x480,480x640,540x720,640x853,720x960,1080x1440,1280x1707,1440x1920,1920x2560&from=bu&u=-U1SHYUzFP040uMzDjzGyEfGvTiDaPo7r-im7871JpM&cs=56x75'}, {'height': 130, 'type': 'm', 'width': 97, 'url': 'https://sun9-41.userapi.com/s/v1/ig2/iBg54PeF7QxSIUZ7IaX15g9sbBn_wDhr5XcrOsXcScle-e_k0VCh_TI8OIO61bsiFzC0C89zWfhHIcrCR3ui57Lm.jpg?quality=95&as=32x43,48x64,72x96,108x144,160x213,240x320,360x480,480x640,540x720,640x853,720x960,1080x1440,1280x1707,1440x1920,1920x2560&from=bu&u=-U1SHYUzFP040uMzDjzGyEfGvTiDaPo7r-im7871JpM&cs=97x130'}, {'height': 604, 'type': 'x', 'width': 453, 'url': 'https://sun9-41.userapi.com/s/v1/ig2/iBg54PeF7QxSIUZ7IaX15g9sbBn_wDhr5XcrOsXcScle-e_k0VCh_TI8OIO61bsiFzC0C89zWfhHIcrCR3ui57Lm.jpg?quality=95&as=32x43,48x64,72x96,108x144,160x213,240x320,360x480,480x640,540x720,640x853,720x960,1080x1440,1280x1707,1440x1920,1920x2560&from=bu&u=-U1SHYUzFP040uMzDjzGyEfGvTiDaPo7r-im7871JpM&cs=453x604'}, {'height': 807, 'type': 'y', 'width': 605, 'url': 'https://sun9-41.userapi.com/s/v1/ig2/iBg54PeF7QxSIUZ7IaX15g9sbBn_wDhr5XcrOsXcScle-e_k0VCh_TI8OIO61bsiFzC0C89zWfhHIcrCR3ui57Lm.jpg?quality=95&as=32x43,48x64,72x96,108x144,160x213,240x320,360x480,480x640,540x720,640x853,720x960,1080x1440,1280x1707,1440x1920,1920x2560&from=bu&u=-U1SHYUzFP040uMzDjzGyEfGvTiDaPo7r-im7871JpM&cs=605x807'}, {'height': 1080, 'type': 'z', 'width': 810, 'url': 'https://sun9-41.userapi.com/s/v1/ig2/iBg54PeF7QxSIUZ7IaX15g9sbBn_wDhr5XcrOsXcScle-e_k0VCh_TI8OIO61bsiFzC0C89zWfhHIcrCR3ui57Lm.jpg?quality=95&as=32x43,48x64,72x96,108x144,160x213,240x320,360x480,480x640,540x720,640x853,720x960,1080x1440,1280x1707,1440x1920,1920x2560&from=bu&u=-U1SHYUzFP040uMzDjzGyEfGvTiDaPo7r-im7871JpM&cs=810x1080'}, {'height': 2160, 'type': 'w', 'width': 1620, 'url': 'https://sun9-41.userapi.com/s/v1/ig2/iBg54PeF7QxSIUZ7IaX15g9sbBn_wDhr5XcrOsXcScle-e_k0VCh_TI8OIO61bsiFzC0C89zWfhHIcrCR3ui57Lm.jpg?quality=95&as=32x43,48x64,72x96,108x144,160x213,240x320,360x480,480x640,540x720,640x853,720x960,1080x1440,1280x1707,1440x1920,1920x2560&from=bu&u=-U1SHYUzFP040uMzDjzGyEfGvTiDaPo7r-im7871JpM&cs=1620x2160'}, {'height': 173, 'type': 'o', 'width': 130, 'url': 'https://sun9-41.userapi.com/s/v1/ig2/iBg54PeF7QxSIUZ7IaX15g9sbBn_wDhr5XcrOsXcScle-e_k0VCh_TI8OIO61bsiFzC0C89zWfhHIcrCR3ui57Lm.jpg?quality=95&as=32x43,48x64,72x96,108x144,160x213,240x320,360x480,480x640,540x720,640x853,720x960,1080x1440,1280x1707,1440x1920,1920x2560&from=bu&u=-U1SHYUzFP040uMzDjzGyEfGvTiDaPo7r-im7871JpM&cs=130x173'}, {'height': 267, 'type': 'p', 'width': 200, 'url': 'https://sun9-41.userapi.com/s/v1/ig2/iBg54PeF7QxSIUZ7IaX15g9sbBn_wDhr5XcrOsXcScle-e_k0VCh_TI8OIO61bsiFzC0C89zWfhHIcrCR3ui57Lm.jpg?quality=95&as=32x43,48x64,72x96,108x144,160x213,240x320,360x480,480x640,540x720,640x853,720x960,1080x1440,1280x1707,1440x1920,1920x2560&from=bu&u=-U1SHYUzFP040uMzDjzGyEfGvTiDaPo7r-im7871JpM&cs=200x267'}, {'height': 427, 'type': 'q', 'width': 320, 'url': 'https://sun9-41.userapi.com/s/v1/ig2/iBg54PeF7QxSIUZ7IaX15g9sbBn_wDhr5XcrOsXcScle-e_k0VCh_TI8OIO61bsiFzC0C89zWfhHIcrCR3ui57Lm.jpg?quality=95&as=32x43,48x64,72x96,108x144,160x213,240x320,360x480,480x640,540x720,640x853,720x960,1080x1440,1280x1707,1440x1920,1920x2560&from=bu&u=-U1SHYUzFP040uMzDjzGyEfGvTiDaPo7r-im7871JpM&cs=320x427'}, {'height': 680, 'type': 'r', 'width': 510, 'url': 'https://sun9-41.userapi.com/s/v1/ig2/iBg54PeF7QxSIUZ7IaX15g9sbBn_wDhr5XcrOsXcScle-e_k0VCh_TI8OIO61bsiFzC0C89zWfhHIcrCR3ui57Lm.jpg?quality=95&as=32x43,48x64,72x96,108x144,160x213,240x320,360x480,480x640,540x720,640x853,720x960,1080x1440,1280x1707,1440x1920,1920x2560&from=bu&u=-U1SHYUzFP040uMzDjzGyEfGvTiDaPo7r-im7871JpM&cs=510x680'}], 'text': '', 'user_id': 100, 'web_view_token': '7bd81bb6767cf3e471', 'orig_photo': {'height': 2560, 'type': 'base', 'url': 'https://sun9-41.userapi.com/s/v1/ig2/iBg54PeF7QxSIUZ7IaX15g9sbBn_wDhr5XcrOsXcScle-e_k0VCh_TI8OIO61bsiFzC0C89zWfhHIcrCR3ui57Lm.jpg?quality=95&as=32x43,48x64,72x96,108x144,160x213,240x320,360x480,480x640,540x720,640x853,720x960,1080x1440,1280x1707,1440x1920,1920x2560&from=bu&u=-U1SHYUzFP040uMzDjzGyEfGvTiDaPo7r-im7871JpM', 'width': 1920}}, 'style': 'full'}, {'type': 'photo', 'photo': {'album_id': -7, 'date': 1729172075, 'id': 457241186, 'owner_id': -30513532, 'access_key': 'a578353f8d6bea446a', 'sizes': [{'height': 75, 'type': 's', 'width': 56, 'url': 'https://sun9-11.userapi.com/s/v1/ig2/02pmVRwXWrqWSH9bWY_RPbkSWFVwJnMCszvZiFYOKtWhPJsklscid17IM_AT84t1T3liHNIZ-SwFoe-_Yq2Qgyzx.jpg?quality=95&as=32x43,48x64,72x96,108x144,160x213,240x320,360x480,480x640,540x720,640x853,720x960,1080x1440,1280x1707,1440x1920,1920x2560&from=bu&u=elAG7SrZANoexux06sSqMDo_oHLFkt2PMfKNr5AziY8&cs=56x75'}, {'height': 130, 'type': 'm', 'width': 97, 'url': 'https://sun9-11.userapi.com/s/v1/ig2/02pmVRwXWrqWSH9bWY_RPbkSWFVwJnMCszvZiFYOKtWhPJsklscid17IM_AT84t1T3liHNIZ-SwFoe-_Yq2Qgyzx.jpg?quality=95&as=32x43,48x64,72x96,108x144,160x213,240x320,360x480,480x640,540x720,640x853,720x960,1080x1440,1280x1707,1440x1920,1920x2560&from=bu&u=elAG7SrZANoexux06sSqMDo_oHLFkt2PMfKNr5AziY8&cs=97x130'}, {'height': 604, 'type': 'x', 'width': 453, 'url': 'https://sun9-11.userapi.com/s/v1/ig2/02pmVRwXWrqWSH9bWY_RPbkSWFVwJnMCszvZiFYOKtWhPJsklscid17IM_AT84t1T3liHNIZ-SwFoe-_Yq2Qgyzx.jpg?quality=95&as=32x43,48x64,72x96,108x144,160x213,240x320,360x480,480x640,540x720,640x853,720x960,1080x1440,1280x1707,1440x1920,1920x2560&from=bu&u=elAG7SrZANoexux06sSqMDo_oHLFkt2PMfKNr5AziY8&cs=453x604'}, {'height': 807, 'type': 'y', 'width': 605, 'url': 'https://sun9-11.userapi.com/s/v1/ig2/02pmVRwXWrqWSH9bWY_RPbkSWFVwJnMCszvZiFYOKtWhPJsklscid17IM_AT84t1T3liHNIZ-SwFoe-_Yq2Qgyzx.jpg?quality=95&as=32x43,48x64,72x96,108x144,160x213,240x320,360x480,480x640,540x720,640x853,720x960,1080x1440,1280x1707,1440x1920,1920x2560&from=bu&u=elAG7SrZANoexux06sSqMDo_oHLFkt2PMfKNr5AziY8&cs=605x807'}, {'height': 1080, 'type': 'z', 'width': 810, 'url': 'https://sun9-11.userapi.com/s/v1/ig2/02pmVRwXWrqWSH9bWY_RPbkSWFVwJnMCszvZiFYOKtWhPJsklscid17IM_AT84t1T3liHNIZ-SwFoe-_Yq2Qgyzx.jpg?quality=95&as=32x43,48x64,72x96,108x144,160x213,240x320,360x480,480x640,540x720,640x853,720x960,1080x1440,1280x1707,1440x1920,1920x2560&from=bu&u=elAG7SrZANoexux06sSqMDo_oHLFkt2PMfKNr5AziY8&cs=810x1080'}, {'height': 2160, 'type': 'w', 'width': 1620, 'url': 'https://sun9-11.userapi.com/s/v1/ig2/02pmVRwXWrqWSH9bWY_RPbkSWFVwJnMCszvZiFYOKtWhPJsklscid17IM_AT84t1T3liHNIZ-SwFoe-_Yq2Qgyzx.jpg?quality=95&as=32x43,48x64,72x96,108x144,160x213,240x320,360x480,480x640,540x720,640x853,720x960,1080x1440,1280x1707,1440x1920,1920x2560&from=bu&u=elAG7SrZANoexux06sSqMDo_oHLFkt2PMfKNr5AziY8&cs=1620x2160'}, {'height': 173, 'type': 'o', 'width': 130, 'url': 'https://sun9-11.userapi.com/s/v1/ig2/02pmVRwXWrqWSH9bWY_RPbkSWFVwJnMCszvZiFYOKtWhPJsklscid17IM_AT84t1T3liHNIZ-SwFoe-_Yq2Qgyzx.jpg?quality=95&as=32x43,48x64,72x96,108x144,160x213,240x320,360x480,480x640,540x720,640x853,720x960,1080x1440,1280x1707,1440x1920,1920x2560&from=bu&u=elAG7SrZANoexux06sSqMDo_oHLFkt2PMfKNr5AziY8&cs=130x173'}, {'height': 267, 'type': 'p', 'width': 200, 'url': 'https://sun9-11.userapi.com/s/v1/ig2/02pmVRwXWrqWSH9bWY_RPbkSWFVwJnMCszvZiFYOKtWhPJsklscid17IM_AT84t1T3liHNIZ-SwFoe-_Yq2Qgyzx.jpg?quality=95&as=32x43,48x64,72x96,108x144,160x213,240x320,360x480,480x640,540x720,640x853,720x960,1080x1440,1280x1707,1440x1920,1920x2560&from=bu&u=elAG7SrZANoexux06sSqMDo_oHLFkt2PMfKNr5AziY8&cs=200x267'}, {'height': 427, 'type': 'q', 'width': 320, 'url': 'https://sun9-11.userapi.com/s/v1/ig2/02pmVRwXWrqWSH9bWY_RPbkSWFVwJnMCszvZiFYOKtWhPJsklscid17IM_AT84t1T3liHNIZ-SwFoe-_Yq2Qgyzx.jpg?quality=95&as=32x43,48x64,72x96,108x144,160x213,240x320,360x480,480x640,540x720,640x853,720x960,1080x1440,1280x1707,1440x1920,1920x2560&from=bu&u=elAG7SrZANoexux06sSqMDo_oHLFkt2PMfKNr5AziY8&cs=320x427'}, {'height': 680, 'type': 'r', 'width': 510, 'url': 'https://sun9-11.userapi.com/s/v1/ig2/02pmVRwXWrqWSH9bWY_RPbkSWFVwJnMCszvZiFYOKtWhPJsklscid17IM_AT84t1T3liHNIZ-SwFoe-_Yq2Qgyzx.jpg?quality=95&as=32x43,48x64,72x96,108x144,160x213,240x320,360x480,480x640,540x720,640x853,720x960,1080x1440,1280x1707,1440x1920,1920x2560&from=bu&u=elAG7SrZANoexux06sSqMDo_oHLFkt2PMfKNr5AziY8&cs=510x680'}], 'text': '', 'user_id': 100, 'web_view_token': 'e6101322ca9009d317', 'orig_photo': {'height': 2560, 'type': 'base', 'url': 'https://sun9-11.userapi.com/s/v1/ig2/02pmVRwXWrqWSH9bWY_RPbkSWFVwJnMCszvZiFYOKtWhPJsklscid17IM_AT84t1T3liHNIZ-SwFoe-_Yq2Qgyzx.jpg?quality=95&as=32x43,48x64,72x96,108x144,160x213,240x320,360x480,480x640,540x720,640x853,720x960,1080x1440,1280x1707,1440x1920,1920x2560&from=bu&u=elAG7SrZANoexux06sSqMDo_oHLFkt2PMfKNr5AziY8', 'width': 1920}}, 'style': 'full'}];18.10.2024;4;0;;;
435678;Планирую в конце этого месяца съехать с общежития на Карповке. Трехместная комната место у окошка. Можем договориться если кому то нужно отдам место с одним условием: перед заездом нужно будет скинуть мне три тысячи за купленные в комнату приблуды типа зеркала рджб ленты сушилки моющих Средств и так далее (мы на них скидывались с соседками в сентябре). Если что найду по лайкам;[];17.10.2024;1;7;3;;
35674;Всем привет! Ищу моделей парней для итогового фотопроекта, если вы не против уделить этому немного внимания, то откликнетесь пожалуйста под этим постом. Я буду очень благодарна. Взамен вы получите красивые, хорошие кадры, на профессиональный фотоаппарат❤️ Заранее спасибо!;[];17.10.2024;9;2;6;;
35670;Приветик всем. Вопрос - вообще насколько можно позволить себе не ходить на пары, типо если на лекции там или вообще не профильный предмет ходить очень редко - не отчислят?;[];17.10.2024;4;2;4;;
35665;добрый день! анон ищу репетитора который сможет подготовить к экзамену в конце 1 курса, уровень практически на нуле….🫠;[];17.10.2024;2;3;3;;
35655;Кто-нибудь менял группу в середине семестра? Расскажите, пожалуйста, в комментах, как всё было;[];16.10.2024;0;1;2;;
35654;Всем привет, какие апарты посоветуете для переезда? Или какие не советуете, если кто жил и имел негативный опыт?;[];16.10.2024;0;1;0;;
35650;Ищу соседку для апартов на лесной О себе: я чистоплотная, люблю тишину, с радостью поддержу разговор, 1 курс, обычно занятая и где-то пропадаю поэтому возможно не будем пересекаться вообще😈 Мы легко найдем коннект, найду по лайкам❣️;[];16.10.2024;0;0;2;;
35648;Добрый день не анон Пожалуйста, напишите в личку или поставьте лайк, кто готов рассказать об обучении в магистратуре по истории. Или если есть опыт заселения в общагу, расскажите ,как оно проходит? По какому принципу распределяют студентов (ближе-дальше от центра и метро), куда вероятнее всего распределят и влияет ли место в рейтинге на место в общаге?  спасибо;[];16.10.2024;1;1;0;;
35638;Привет, друзья! Ищем человека с питерской вышки, который может провести экскурсию и показать локальные места (мы группа с московской вышки, приедем в конце октября) Не анон;[];15.10.2024;5;3;0;;
35633;Скажите, пожалуйста, можно ли получить временную прописку в общаге, не имея там комнаты Анонимно;[];15.10.2024;0;1;0;;
35632;Здравствуйте, уважаемые коллеги на Кантемировской! Уже несколько недель охочусь за шкафчиком, но сколько не прихожу в хоз.отдел не могу застать тот момент, когда кто-то сдает шкафчик. Не мог ли бы кто-нибудь, кто планирует сдавать шкафчик написать мне когда он собирается это делать?);[];15.10.2024;3;1;1;;
35629;Нашёл карту на Кантемировской. Оставил у охраны.;[{'type': 'photo', 'photo': {'album_id': -7, 'date': 1728919017, 'id': 457241179, 'owner_id': -30513532, 'access_key': 'dbee7804657dc8fb61', 'post_id': 35604, 'sizes': [{'height': 75, 'type': 's', 'width': 56, 'url': 'https://sun9-20.userapi.com/s/v1/ig2/Xt973ZTs-dSIOabSYYzfxlfFOmFqUuv0vHWsPh3TGN2VcPRdTGyxikBNLteexq5N1HMIU4fAJKfdDZOfnuc0WWaK.jpg?quality=95&as=32x43,48x64,72x96,108x144,160x213,240x320,360x480,480x640,540x720,640x853,720x960,1080x1440,1280x1707,1440x1920,1920x2560&from=bu&u=h7cRwFRTuXFfRzilCoahSvyGsXnFLM5xe3kE85WGJFY&cs=56x75'}, {'height': 130, 'type': 'm', 'width': 97, 'url': 'https://sun9-20.userapi.com/s/v1/ig2/Xt973ZTs-dSIOabSYYzfxlfFOmFqUuv0vHWsPh3TGN2VcPRdTGyxikBNLteexq5N1HMIU4fAJKfdDZOfnuc0WWaK.jpg?quality=95&as=32x43,48x64,72x96,108x144,160x213,240x320,360x480,480x640,540x720,640x853,720x960,1080x1440,1280x1707,1440x1920,1920x2560&from=bu&u=h7cRwFRTuXFfRzilCoahSvyGsXnFLM5xe3kE85WGJFY&cs=97x130'}, {'height': 604, 'type': 'x', 'width': 453, 'url': 'https://sun9-20.userapi.com/s/v1/ig2/Xt973ZTs-dSIOabSYYzfxlfFOmFqUuv0vHWsPh3TGN2VcPRdTGyxikBNLteexq5N1HMIU4fAJKfdDZOfnuc0WWaK.jpg?quality=95&as=32x43,48x64,72x96,108x144,160x213,240x320,360x480,480x640,540x720,640x853,720x960,1080x1440,1280x1707,1440x1920,1920x2560&from=bu&u=h7cRwFRTuXFfRzilCoahSvyGsXnFLM5xe3kE85WGJFY&cs=453x604'}, {'height': 807, 'type': 'y', 'width': 605, 'url': 'https://sun9-20.userapi.com/s/v1/ig2/Xt973ZTs-dSIOabSYYzfxlfFOmFqUuv0vHWsPh3TGN2VcPRdTGyxikBNLteexq5N1HMIU4fAJKfdDZOfnuc0WWaK.jpg?quality=95&as=32x43,48x64,72x96,108x144,160x213,240x320,360x480,480x640,540x720,640x853,720x960,1080x1440,1280x1707,1440x1920,1920x2560&from=bu&u=h7cRwFRTuXFfRzilCoahSvyGsXnFLM5xe3kE85WGJFY&cs=605x807'}, {'height': 1080, 'type': 'z', 'width': 810, 'url': 'https://sun9-20.userapi.com/s/v1/ig2/Xt973ZTs-dSIOabSYYzfxlfFOmFqUuv0vHWsPh3TGN2VcPRdTGyxikBNLteexq5N1HMIU4fAJKfdDZOfnuc0WWaK.jpg?quality=95&as=32x43,48x64,72x96,108x144,160x213,240x320,360x480,480x640,540x720,640x853,720x960,1080x1440,1280x1707,1440x1920,1920x2560&from=bu&u=h7cRwFRTuXFfRzilCoahSvyGsXnFLM5xe3kE85WGJFY&cs=810x1080'}, {'height': 2160, 'type': 'w', 'width': 1620, 'url': 'https://sun9-20.userapi.com/s/v1/ig2/Xt973ZTs-dSIOabSYYzfxlfFOmFqUuv0vHWsPh3TGN2VcPRdTGyxikBNLteexq5N1HMIU4fAJKfdDZOfnuc0WWaK.jpg?quality=95&as=32x43,48x64,72x96,108x144,160x213,240x320,360x480,480x640,540x720,640x853,720x960,1080x1440,1280x1707,1440x1920,1920x2560&from=bu&u=h7cRwFRTuXFfRzilCoahSvyGsXnFLM5xe3kE85WGJFY&cs=1620x2160'}, {'height': 173, 'type': 'o', 'width': 130, 'url': 'https://sun9-20.userapi.com/s/v1/ig2/Xt973ZTs-dSIOabSYYzfxlfFOmFqUuv0vHWsPh3TGN2VcPRdTGyxikBNLteexq5N1HMIU4fAJKfdDZOfnuc0WWaK.jpg?quality=95&as=32x43,48x64,72x96,108x144,160x213,240x320,360x480,480x640,540x720,640x853,720x960,1080x1440,1280x1707,1440x1920,1920x2560&from=bu&u=h7cRwFRTuXFfRzilCoahSvyGsXnFLM5xe3kE85WGJFY&cs=130x173'}, {'height': 267, 'type': 'p', 'width': 200, 'url': 'https://sun9-20.userapi.com/s/v1/ig2/Xt973ZTs-dSIOabSYYzfxlfFOmFqUuv0vHWsPh3TGN2VcPRdTGyxikBNLteexq5N1HMIU4fAJKfdDZOfnuc0WWaK.jpg?quality=95&as=32x43,48x64,72x96,108x144,160x213,240x320,360x480,480x640,540x720,640x853,720x960,1080x1440,1280x1707,1440x1920,1920x2560&from=bu&u=h7cRwFRTuXFfRzilCoahSvyGsXnFLM5xe3kE85WGJFY&cs=200x267'}, {'height': 427, 'type': 'q', 'width': 320, 'url': 'https://sun9-20.userapi.com/s/v1/ig2/Xt973ZTs-dSIOabSYYzfxlfFOmFqUuv0vHWsPh3TGN2VcPRdTGyxikBNLteexq5N1HMIU4fAJKfdDZOfnuc0WWaK.jpg?quality=95&as=32x43,48x64,72x96,108x144,160x213,240x320,360x480,480x640,540x720,640x853,720x960,1080x1440,1280x1707,1440x1920,1920x2560&from=bu&u=h7cRwFRTuXFfRzilCoahSvyGsXnFLM5xe3kE85WGJFY&cs=320x427'}, {'height': 680, 'type': 'r', 'width': 510, 'url': 'https://sun9-20.userapi.com/s/v1/ig2/Xt973ZTs-dSIOabSYYzfxlfFOmFqUuv0vHWsPh3TGN2VcPRdTGyxikBNLteexq5N1HMIU4fAJKfdDZOfnuc0WWaK.jpg?quality=95&as=32x43,48x64,72x96,108x144,160x213,240x320,360x480,480x640,540x720,640x853,720x960,1080x1440,1280x1707,1440x1920,1920x2560&from=bu&u=h7cRwFRTuXFfRzilCoahSvyGsXnFLM5xe3kE85WGJFY&cs=510x680'}], 'text': '', 'user_id': 100, 'web_view_token': 'aa4f9a52074e4cfeb0', 'orig_photo': {'height': 2560, 'type': 'base', 'url': 'https://sun9-20.userapi.com/s/v1/ig2/Xt973ZTs-dSIOabSYYzfxlfFOmFqUuv0vHWsPh3TGN2VcPRdTGyxikBNLteexq5N1HMIU4fAJKfdDZOfnuc0WWaK.jpg?quality=95&as=32x43,48x64,72x96,108x144,160x213,240x320,360x480,480x640,540x720,640x853,720x960,1080x1440,1280x1707,1440x1920,1920x2560&from=bu&u=h7cRwFRTuXFfRzilCoahSvyGsXnFLM5xe3kE85WGJFY', 'width': 1920}}, 'style': 'full'}];15.10.2024;2;0;3;;
35612;У кого-то был следующий экспириенс: не брать английский в вышке, самостоятельно с уровня А2 заботать экз по англу после 1 курса? Анон;[];14.10.2024;4;7;0;;
35608;Ищу репета для подготовки к экзу по англу в конце 1 курса. Мой уровень А2-слабый B1(Обязательно, чтобы у вас был опыт сдачи на высокий балл или кейсы ваших учеников Анон;[];14.10.2024;3;2;1;;
35602;Добрый день дорогие студенты и будущие абитуриенты! Вчера с дочкой были на ДОД в Вузе на Кантемировской 3а, знакомство наше было очень позитивным и настроенным на поступление. И только поздно вечером дочь заметила отсутствие кольца, она забыла в его туалете на первом этаже после раздевалки, побоялась его смыть в раковину, а в итоге забыла. Колечко Tous с жемчужинкой, памятно, дочь долго на него копила, покупала сама.  Может есть шанс, хоть минимальный, его вернуть, может добрый человек отнес его в потеряшки. Хотя вчера поток людей из вне, был очень большой, 🥹.;[{'type': 'photo', 'photo': {'album_id': -7, 'date': 1728892251, 'id': 457241177, 'owner_id': -30513532, 'access_key': '01197de548d79a16c9', 'post_id': 35591, 'sizes': [{'height': 75, 'type': 's', 'width': 42, 'url': 'https://sun9-41.userapi.com/s/v1/ig2/LbJnJl2SomEM4y_sHTHbkxjxpTMn6erC4rV2TVEllFVYIzUOe7-Nn4O_SFbV3skTV2rui-K5xexAn1GKWo5BdYlO.jpg?quality=95&as=32x57,48x85,72x128,108x192,160x284,240x427,360x640,480x853,540x960,640x1138,720x1280&from=bu&u=3tBt3bx4DWFi1c-ziB1_j8dzb7zML1J1zWo0mri1J-c&cs=42x75'}, {'height': 130, 'type': 'm', 'width': 73, 'url': 'https://sun9-41.userapi.com/s/v1/ig2/LbJnJl2SomEM4y_sHTHbkxjxpTMn6erC4rV2TVEllFVYIzUOe7-Nn4O_SFbV3skTV2rui-K5xexAn1GKWo5BdYlO.jpg?quality=95&as=32x57,48x85,72x128,108x192,160x284,240x427,360x640,480x853,540x960,640x1138,720x1280&from=bu&u=3tBt3bx4DWFi1c-ziB1_j8dzb7zML1J1zWo0mri1J-c&cs=73x130'}, {'height': 604, 'type': 'x', 'width': 340, 'url': 'https://sun9-41.userapi.com/s/v1/ig2/LbJnJl2SomEM4y_sHTHbkxjxpTMn6erC4rV2TVEllFVYIzUOe7-Nn4O_SFbV3skTV2rui-K5xexAn1GKWo5BdYlO.jpg?quality=95&as=32x57,48x85,72x128,108x192,160x284,240x427,360x640,480x853,540x960,640x1138,720x1280&from=bu&u=3tBt3bx4DWFi1c-ziB1_j8dzb7zML1J1zWo0mri1J-c&cs=340x604'}, {'height': 807, 'type': 'y', 'width': 454, 'url': 'https://sun9-41.userapi.com/s/v1/ig2/LbJnJl2SomEM4y_sHTHbkxjxpTMn6erC4rV2TVEllFVYIzUOe7-Nn4O_SFbV3skTV2rui-K5xexAn1GKWo5BdYlO.jpg?quality=95&as=32x57,48x85,72x128,108x192,160x284,240x427,360x640,480x853,540x960,640x1138,720x1280&from=bu&u=3tBt3bx4DWFi1c-ziB1_j8dzb7zML1J1zWo0mri1J-c&cs=454x807'}, {'height': 1080, 'type': 'z', 'width': 607, 'url': 'https://sun9-41.userapi.com/s/v1/ig2/LbJnJl2SomEM4y_sHTHbkxjxpTMn6erC4rV2TVEllFVYIzUOe7-Nn4O_SFbV3skTV2rui-K5xexAn1GKWo5BdYlO.jpg?quality=95&as=32x57,48x85,72x128,108x192,160x284,240x427,360x640,480x853,540x960,640x1138,720x1280&from=bu&u=3tBt3bx4DWFi1c-ziB1_j8dzb7zML1J1zWo0mri1J-c&cs=607x1080'}, {'height': 1280, 'type': 'w', 'width': 720, 'url': 'https://sun9-41.userapi.com/s/v1/ig2/LbJnJl2SomEM4y_sHTHbkxjxpTMn6erC4rV2TVEllFVYIzUOe7-Nn4O_SFbV3skTV2rui-K5xexAn1GKWo5BdYlO.jpg?quality=95&as=32x57,48x85,72x128,108x192,160x284,240x427,360x640,480x853,540x960,640x1138,720x1280&from=bu&u=3tBt3bx4DWFi1c-ziB1_j8dzb7zML1J1zWo0mri1J-c&cs=720x1280'}, {'height': 231, 'type': 'o', 'width': 130, 'url': 'https://sun9-41.userapi.com/s/v1/ig2/LbJnJl2SomEM4y_sHTHbkxjxpTMn6erC4rV2TVEllFVYIzUOe7-Nn4O_SFbV3skTV2rui-K5xexAn1GKWo5BdYlO.jpg?quality=95&as=32x57,48x85,72x128,108x192,160x284,240x427,360x640,480x853,540x960,640x1138,720x1280&from=bu&u=3tBt3bx4DWFi1c-ziB1_j8dzb7zML1J1zWo0mri1J-c&cs=130x231'}, {'height': 356, 'type': 'p', 'width': 200, 'url': 'https://sun9-41.userapi.com/s/v1/ig2/LbJnJl2SomEM4y_sHTHbkxjxpTMn6erC4rV2TVEllFVYIzUOe7-Nn4O_SFbV3skTV2rui-K5xexAn1GKWo5BdYlO.jpg?quality=95&as=32x57,48x85,72x128,108x192,160x284,240x427,360x640,480x853,540x960,640x1138,720x1280&from=bu&u=3tBt3bx4DWFi1c-ziB1_j8dzb7zML1J1zWo0mri1J-c&cs=200x356'}, {'height': 569, 'type': 'q', 'width': 320, 'url': 'https://sun9-41.userapi.com/s/v1/ig2/LbJnJl2SomEM4y_sHTHbkxjxpTMn6erC4rV2TVEllFVYIzUOe7-Nn4O_SFbV3skTV2rui-K5xexAn1GKWo5BdYlO.jpg?quality=95&as=32x57,48x85,72x128,108x192,160x284,240x427,360x640,480x853,540x960,640x1138,720x1280&from=bu&u=3tBt3bx4DWFi1c-ziB1_j8dzb7zML1J1zWo0mri1J-c&cs=320x569'}, {'height': 900, 'type': 'r', 'width': 510, 'url': 'https://sun9-41.userapi.com/s/v1/ig2/LbJnJl2SomEM4y_sHTHbkxjxpTMn6erC4rV2TVEllFVYIzUOe7-Nn4O_SFbV3skTV2rui-K5xexAn1GKWo5BdYlO.jpg?quality=95&as=32x57,48x85,72x128,108x192,160x284,240x427,360x640,480x853,540x960,640x1138,720x1280&from=bu&u=3tBt3bx4DWFi1c-ziB1_j8dzb7zML1J1zWo0mri1J-c&cs=510x900'}], 'text': '', 'user_id': 100, 'web_view_token': 'afda99c790ce81cf28', 'orig_photo': {'height': 1280, 'type': 'base', 'url': 'https://sun9-41.userapi.com/s/v1/ig2/LbJnJl2SomEM4y_sHTHbkxjxpTMn6erC4rV2TVEllFVYIzUOe7-Nn4O_SFbV3skTV2rui-K5xexAn1GKWo5BdYlO.jpg?quality=95&as=32x57,48x85,72x128,108x192,160x284,240x427,360x640,480x853,540x960,640x1138,720x1280&from=bu&u=3tBt3bx4DWFi1c-ziB1_j8dzb7zML1J1zWo0mri1J-c', 'width': 720}}, 'style': 'full'}];14.10.2024;5;2;3;;
35598;Добрый день. Нашли кошелёк с проездными Киселёвой Дарьи на лестнице Финляндского вокзала. Оставили дежурному на выходе с вокзала.;[{'type': 'photo', 'photo': {'album_id': -7, 'date': 1728846502, 'id': 457241176, 'owner_id': -30513532, 'access_key': '930a6debb75baa2160', 'post_id': 35585, 'sizes': [{'height': 108, 'type': 's', 'width': 72, 'url': 'https://sun9-1.userapi.com/s/v1/ig2/hcyQUJLa15NztGlRg1gQ-AihN9BjiHvqvj-nWQjYIpgXeCOTGs4KZEyfMjkIz84RL0YEz-P452K52yKYQ84myM1-.jpg?quality=95&crop=0,199,1440,2160&as=32x48,48x72,72x108,108x162,160x240,240x360,360x540,480x720,540x810,640x960,720x1080,1080x1620,1280x1920,1440x2160&from=bu&u=n_RwC2-oiOOBUTsz73TjiA3o-HNzQHoK_PWxCIagHfA&cs=72x108'}, {'height': 240, 'type': 'm', 'width': 160, 'url': 'https://sun9-1.userapi.com/s/v1/ig2/hcyQUJLa15NztGlRg1gQ-AihN9BjiHvqvj-nWQjYIpgXeCOTGs4KZEyfMjkIz84RL0YEz-P452K52yKYQ84myM1-.jpg?quality=95&crop=0,199,1440,2160&as=32x48,48x72,72x108,108x162,160x240,240x360,360x540,480x720,540x810,640x960,720x1080,1080x1620,1280x1920,1440x2160&from=bu&u=n_RwC2-oiOOBUTsz73TjiA3o-HNzQHoK_PWxCIagHfA&cs=160x240'}, {'height': 960, 'type': 'x', 'width': 640, 'url': 'https://sun9-1.userapi.com/s/v1/ig2/hcyQUJLa15NztGlRg1gQ-AihN9BjiHvqvj-nWQjYIpgXeCOTGs4KZEyfMjkIz84RL0YEz-P452K52yKYQ84myM1-.jpg?quality=95&crop=0,199,1440,2160&as=32x48,48x72,72x108,108x162,160x240,240x360,360x540,480x720,540x810,640x960,720x1080,1080x1620,1280x1920,1440x2160&from=bu&u=n_RwC2-oiOOBUTsz73TjiA3o-HNzQHoK_PWxCIagHfA&cs=640x960'}, {'height': 1620, 'type': 'y', 'width': 1080, 'url': 'https://sun9-1.userapi.com/s/v1/ig2/hcyQUJLa15NztGlRg1gQ-AihN9BjiHvqvj-nWQjYIpgXeCOTGs4KZEyfMjkIz84RL0YEz-P452K52yKYQ84myM1-.jpg?quality=95&crop=0,199,1440,2160&as=32x48,48x72,72x108,108x162,160x240,240x360,360x540,480x720,540x810,640x960,720x1080,1080x1620,1280x1920,1440x2160&from=bu&u=n_RwC2-oiOOBUTsz73TjiA3o-HNzQHoK_PWxCIagHfA&cs=1080x1620'}, {'height': 1920, 'type': 'z', 'width': 1280, 'url': 'https://sun9-1.userapi.com/s/v1/ig2/hcyQUJLa15NztGlRg1gQ-AihN9BjiHvqvj-nWQjYIpgXeCOTGs4KZEyfMjkIz84RL0YEz-P452K52yKYQ84myM1-.jpg?quality=95&crop=0,199,1440,2160&as=32x48,48x72,72x108,108x162,160x240,240x360,360x540,480x720,540x810,640x960,720x1080,1080x1620,1280x1920,1440x2160&from=bu&u=n_RwC2-oiOOBUTsz73TjiA3o-HNzQHoK_PWxCIagHfA&cs=1280x1920'}, {'height': 162, 'type': 'o', 'width': 108, 'url': 'https://sun9-1.userapi.com/s/v1/ig2/hcyQUJLa15NztGlRg1gQ-AihN9BjiHvqvj-nWQjYIpgXeCOTGs4KZEyfMjkIz84RL0YEz-P452K52yKYQ84myM1-.jpg?quality=95&crop=0,199,1440,2160&as=32x48,48x72,72x108,108x162,160x240,240x360,360x540,480x720,540x810,640x960,720x1080,1080x1620,1280x1920,1440x2160&from=bu&u=n_RwC2-oiOOBUTsz73TjiA3o-HNzQHoK_PWxCIagHfA&cs=108x162'}, {'height': 360, 'type': 'p', 'width': 240, 'url': 'https://sun9-1.userapi.com/s/v1/ig2/hcyQUJLa15NztGlRg1gQ-AihN9BjiHvqvj-nWQjYIpgXeCOTGs4KZEyfMjkIz84RL0YEz-P452K52yKYQ84myM1-.jpg?quality=95&crop=0,199,1440,2160&as=32x48,48x72,72x108,108x162,160x240,240x360,360x540,480x720,540x810,640x960,720x1080,1080x1620,1280x1920,1440x2160&from=bu&u=n_RwC2-oiOOBUTsz73TjiA3o-HNzQHoK_PWxCIagHfA&cs=240x360'}, {'height': 540, 'type': 'q', 'width': 360, 'url': 'https://sun9-1.userapi.com/s/v1/ig2/hcyQUJLa15NztGlRg1gQ-AihN9BjiHvqvj-nWQjYIpgXeCOTGs4KZEyfMjkIz84RL0YEz-P452K52yKYQ84myM1-.jpg?quality=95&crop=0,199,1440,2160&as=32x48,48x72,72x108,108x162,160x240,240x360,360x540,480x720,540x810,640x960,720x1080,1080x1620,1280x1920,1440x2160&from=bu&u=n_RwC2-oiOOBUTsz73TjiA3o-HNzQHoK_PWxCIagHfA&cs=360x540'}, {'height': 810, 'type': 'r', 'width': 540, 'url': 'https://sun9-1.userapi.com/s/v1/ig2/hcyQUJLa15NztGlRg1gQ-AihN9BjiHvqvj-nWQjYIpgXeCOTGs4KZEyfMjkIz84RL0YEz-P452K52yKYQ84myM1-.jpg?quality=95&crop=0,199,1440,2160&as=32x48,48x72,72x108,108x162,160x240,240x360,360x540,480x720,540x810,640x960,720x1080,1080x1620,1280x1920,1440x2160&from=bu&u=n_RwC2-oiOOBUTsz73TjiA3o-HNzQHoK_PWxCIagHfA&cs=540x810'}], 'text': '', 'user_id': 100, 'web_view_token': 'c77c33f2c086cac031', 'orig_photo': {'height': 2160, 'type': 'base', 'url': 'https://sun9-1.userapi.com/s/v1/ig2/hcyQUJLa15NztGlRg1gQ-AihN9BjiHvqvj-nWQjYIpgXeCOTGs4KZEyfMjkIz84RL0YEz-P452K52yKYQ84myM1-.jpg?quality=95&crop=0,199,1440,2160&as=32x48,48x72,72x108,108x162,160x240,240x360,360x540,480x720,540x810,640x960,720x1080,1080x1620,1280x1920,1440x2160&from=bu&u=n_RwC2-oiOOBUTsz73TjiA3o-HNzQHoK_PWxCIagHfA', 'width': 1440}}, 'style': 'full'}];14.10.2024;6;0;6;;
35596;Много вакансий, опыт не требуется! Уже завтра, 15 октября, пройдёт ProFinance — бесплатный карьерный форум для начинающих специалистов. Там тебя будут ждать 15+ топ-компаний (Сбер, Альфа-Банк, Kept и др.) с вакансиями из сфер: экономика, финансы, менеджмент, маркетинг, юриспруденция, консалтинг и смежных с ними. 🎯 Какие возможности даёт ProFinance: - Попасть на оплачиваемую стажировку даже без опыта - Посетить мастер-классы и карьерные консультации от экспертов индустрии - Заняться нетворкингом и найти единомышленников среди 500+ участников и HR🌭 А ещё можно пригласить друзей и получить гарантированные призы: - Приведешь 3+ друзей — получишь сертификат Ozon на 500 руб. и по горячему хот-догу тебе и твоим рефералам - Приведешь 5+ друзей — получишь сертификат Ozon на 1000 руб. и хот-доги на всю компанию - Приведешь больше всех друзей — заберешь один из суперпризов на выбор! Форум будет идти с 15 до 19 часов — приходи в любое время.⚡Форум бесплатный, но не забудь зарегистрироваться: https://vk.cc/cCygpo;[{'type': 'photo', 'photo': {'album_id': -7, 'date': 1728907683, 'id': 457241178, 'owner_id': -30513532, 'access_key': '2b92ea3ddebe8b904f', 'post_id': 35596, 'sizes': [{'height': 42, 'type': 's', 'width': 75, 'url': 'https://sun9-76.userapi.com/s/v1/ig2/7ZY--DD7K_TuC4gASoiMHbbluPzykx59v0FO5O5ne6AFOgtLnlluI6H_e-D3aWvAozzMpyfBboA5n1aoAfHkdc7Q.jpg?quality=95&as=32x18,48x27,72x40,108x61,160x90,240x135,360x202,480x270,540x303,640x360,720x405,1080x607&from=bu&u=olXVk8EsSbCeyXrXVtDUWBylHrTlqEP92UmxRWaUjwY&cs=75x42'}, {'height': 73, 'type': 'm', 'width': 130, 'url': 'https://sun9-76.userapi.com/s/v1/ig2/7ZY--DD7K_TuC4gASoiMHbbluPzykx59v0FO5O5ne6AFOgtLnlluI6H_e-D3aWvAozzMpyfBboA5n1aoAfHkdc7Q.jpg?quality=95&as=32x18,48x27,72x40,108x61,160x90,240x135,360x202,480x270,540x303,640x360,720x405,1080x607&from=bu&u=olXVk8EsSbCeyXrXVtDUWBylHrTlqEP92UmxRWaUjwY&cs=130x73'}, {'height': 339, 'type': 'x', 'width': 604, 'url': 'https://sun9-76.userapi.com/s/v1/ig2/7ZY--DD7K_TuC4gASoiMHbbluPzykx59v0FO5O5ne6AFOgtLnlluI6H_e-D3aWvAozzMpyfBboA5n1aoAfHkdc7Q.jpg?quality=95&as=32x18,48x27,72x40,108x61,160x90,240x135,360x202,480x270,540x303,640x360,720x405,1080x607&from=bu&u=olXVk8EsSbCeyXrXVtDUWBylHrTlqEP92UmxRWaUjwY&cs=604x339'}, {'height': 454, 'type': 'y', 'width': 807, 'url': 'https://sun9-76.userapi.com/s/v1/ig2/7ZY--DD7K_TuC4gASoiMHbbluPzykx59v0FO5O5ne6AFOgtLnlluI6H_e-D3aWvAozzMpyfBboA5n1aoAfHkdc7Q.jpg?quality=95&as=32x18,48x27,72x40,108x61,160x90,240x135,360x202,480x270,540x303,640x360,720x405,1080x607&from=bu&u=olXVk8EsSbCeyXrXVtDUWBylHrTlqEP92UmxRWaUjwY&cs=807x454'}, {'height': 607, 'type': 'z', 'width': 1080, 'url': 'https://sun9-76.userapi.com/s/v1/ig2/7ZY--DD7K_TuC4gASoiMHbbluPzykx59v0FO5O5ne6AFOgtLnlluI6H_e-D3aWvAozzMpyfBboA5n1aoAfHkdc7Q.jpg?quality=95&as=32x18,48x27,72x40,108x61,160x90,240x135,360x202,480x270,540x303,640x360,720x405,1080x607&from=bu&u=olXVk8EsSbCeyXrXVtDUWBylHrTlqEP92UmxRWaUjwY&cs=1080x607'}, {'height': 87, 'type': 'o', 'width': 130, 'url': 'https://sun9-76.userapi.com/s/v1/ig2/7ZY--DD7K_TuC4gASoiMHbbluPzykx59v0FO5O5ne6AFOgtLnlluI6H_e-D3aWvAozzMpyfBboA5n1aoAfHkdc7Q.jpg?quality=95&as=32x18,48x27,72x40,108x61,160x90,240x135,360x202,480x270,540x303,640x360,720x405,1080x607&from=bu&u=olXVk8EsSbCeyXrXVtDUWBylHrTlqEP92UmxRWaUjwY&cs=130x87'}, {'height': 133, 'type': 'p', 'width': 200, 'url': 'https://sun9-76.userapi.com/s/v1/ig2/7ZY--DD7K_TuC4gASoiMHbbluPzykx59v0FO5O5ne6AFOgtLnlluI6H_e-D3aWvAozzMpyfBboA5n1aoAfHkdc7Q.jpg?quality=95&as=32x18,48x27,72x40,108x61,160x90,240x135,360x202,480x270,540x303,640x360,720x405,1080x607&from=bu&u=olXVk8EsSbCeyXrXVtDUWBylHrTlqEP92UmxRWaUjwY&cs=200x133'}, {'height': 213, 'type': 'q', 'width': 320, 'url': 'https://sun9-76.userapi.com/s/v1/ig2/7ZY--DD7K_TuC4gASoiMHbbluPzykx59v0FO5O5ne6AFOgtLnlluI6H_e-D3aWvAozzMpyfBboA5n1aoAfHkdc7Q.jpg?quality=95&as=32x18,48x27,72x40,108x61,160x90,240x135,360x202,480x270,540x303,640x360,720x405,1080x607&from=bu&u=olXVk8EsSbCeyXrXVtDUWBylHrTlqEP92UmxRWaUjwY&cs=320x213'}, {'height': 340, 'type': 'r', 'width': 510, 'url': 'https://sun9-76.userapi.com/s/v1/ig2/7ZY--DD7K_TuC4gASoiMHbbluPzykx59v0FO5O5ne6AFOgtLnlluI6H_e-D3aWvAozzMpyfBboA5n1aoAfHkdc7Q.jpg?quality=95&as=32x18,48x27,72x40,108x61,160x90,240x135,360x202,480x270,540x303,640x360,720x405,1080x607&from=bu&u=olXVk8EsSbCeyXrXVtDUWBylHrTlqEP92UmxRWaUjwY&cs=510x340'}], 'text': '', 'user_id': 100, 'web_view_token': 'fb17947b2b66947965', 'orig_photo': {'height': 607, 'type': 'base', 'url': 'https://sun9-76.userapi.com/s/v1/ig2/7ZY--DD7K_TuC4gASoiMHbbluPzykx59v0FO5O5ne6AFOgtLnlluI6H_e-D3aWvAozzMpyfBboA5n1aoAfHkdc7Q.jpg?quality=95&as=32x18,48x27,72x40,108x61,160x90,240x135,360x202,480x270,540x303,640x360,720x405,1080x607&from=bu&u=olXVk8EsSbCeyXrXVtDUWBylHrTlqEP92UmxRWaUjwY', 'width': 1080}}, 'style': 'full'}, {'type': 'link', 'link': {'url': 'https://careerday.fut.ru/pfs_short/?utm_source=infopartners&utm_medium=tg&utm_campaign=hse_official&utm_content=14.10.2024', 'description': 'Карьерный форум для начинающих специалистов бизнес-сферы', 'is_favorite': False, 'photo': {'album_id': -27, 'date': 1728907683, 'id': 457512061, 'owner_id': 2000010385, 'sizes': [{'height': 240, 'type': 'l', 'width': 537, 'url': 'https://sun9-30.userapi.com/impg/U8WKof1QtCNan__1TYK_dxbzlO2DjuJmYFi6VA/oV9xMH6_qKs.jpg?size=537x240&quality=96&sign=20609780a776a5e9170e75cd5ecc8203&c_uniq_tag=NXQw1cv6imPs9XparHbPAR-7hpaRAIQjRZ9r9a68f4g&type=share'}, {'height': 80, 'type': 'm', 'width': 130, 'url': 'https://sun9-30.userapi.com/impg/U8WKof1QtCNan__1TYK_dxbzlO2DjuJmYFi6VA/oV9xMH6_qKs.jpg?size=130x80&quality=96&crop=73,0,390,240&sign=8b386306b25ad7865abf674efb60bdf1&c_uniq_tag=7Q1Cv1J0OSpNb51Vs_0fxiyZzo2C8CLY_zjWZYDxTJU&type=share'}, {'height': 140, 'type': 'p', 'width': 260, 'url': 'https://sun9-30.userapi.com/impg/U8WKof1QtCNan__1TYK_dxbzlO2DjuJmYFi6VA/oV9xMH6_qKs.jpg?size=260x140&quality=96&crop=45,0,446,240&sign=f75601098ca1311fcb92082eab7aeefc&c_uniq_tag=f2UETQHaSFcxW-hnefH8RmbVqyNq3NTFuXSsEIxI3t4&type=share'}, {'height': 35, 'type': 's', 'width': 75, 'url': 'https://sun9-30.userapi.com/impg/U8WKof1QtCNan__1TYK_dxbzlO2DjuJmYFi6VA/oV9xMH6_qKs.jpg?size=75x35&quality=96&crop=11,0,514,240&sign=eff32c22f455f822d7ce09f365d8916c&c_uniq_tag=qDhO7cFGFwcGQCAmFNmSYkjMC3kWDgL4sg95EMDxOOs&type=share'}, {'height': 80, 'type': 'x', 'width': 150, 'url': 'https://sun9-30.userapi.com/impg/U8WKof1QtCNan__1TYK_dxbzlO2DjuJmYFi6VA/oV9xMH6_qKs.jpg?size=150x80&quality=96&crop=43,0,450,240&sign=bc4a7331f31258af7059b3352fa2fd2a&c_uniq_tag=h8psEHDtgalGC4IdWbz5syVitELv46kZ5Uxoa05bnJU&type=share'}], 'text': '', 'user_id': 100, 'web_view_token': '473c42f80aac3f333a'}, 'title': 'ProFinance в Санкт-Петербурге', 'target': 'internal'}, 'style': 'compact', 'compact': {'icons': [{'sizes': [{'height': 240, 'type': 'l', 'width': 537, 'url': 'https://sun9-30.userapi.com/impg/U8WKof1QtCNan__1TYK_dxbzlO2DjuJmYFi6VA/oV9xMH6_qKs.jpg?size=537x240&quality=96&sign=20609780a776a5e9170e75cd5ecc8203&c_uniq_tag=NXQw1cv6imPs9XparHbPAR-7hpaRAIQjRZ9r9a68f4g&type=share'}]}], 'title': {'text': {'text': 'ProFinance в Санкт-Петербурге'}}, 'description': {'text': {'text': 'careerday.fut.ru'}}}}];14.10.2024;1;0;1;;
35592;а как записаться на зимний бал?;[];14.10.2024;2;2;0;;
35582;Анон Подскажите пожалуйста насколько реально переселиться из общаги в общагу в течение года;[];13.10.2024;1;1;0;;
35580;Ищу ребят, которые участвовали/участвуют в НИРС, хочу задать вопросы о вашем опыте, спросить совета. Буду участвовать в следующем году(по юриспруденции). Можно не анон;[];13.10.2024;2;0;1;;
35576;Всем привет! Команда ВШЭ СПб по игре Mobile legends активно ищет игроков в состав. Если ты хотел(а) бы попробовать себя в студенческом киберспорте, поучаствовать в турнирах и просто поиграть в хорошей компании, будем ждать предложений:)  не анон;[{'type': 'photo', 'photo': {'album_id': -7, 'date': 1728394536, 'id': 457241164, 'owner_id': -30513532, 'access_key': '4c8c62f4de1974b023', 'post_id': 35496, 'sizes': [{'height': 75, 'type': 's', 'width': 75, 'url': 'https://sun9-66.userapi.com/s/v1/ig2/wDvHWTFPFS696L9DQE1mWnIhILvBMEv9WF-kNTEZUyQKFn7cu7NWDbDrJDE8k02o9xYr6h3RUKO9qQImvPwEp9P1.jpg?quality=95&as=32x32,48x48,72x72,108x108,160x160,240x240,360x360,480x480,540x540,640x640,720x720&from=bu&u=Omgw3LC3Bh3p-ExKIJ29zIINvTRFs4tJW7asETL-MxM&cs=75x75'}, {'height': 130, 'type': 'm', 'width': 130, 'url': 'https://sun9-66.userapi.com/s/v1/ig2/wDvHWTFPFS696L9DQE1mWnIhILvBMEv9WF-kNTEZUyQKFn7cu7NWDbDrJDE8k02o9xYr6h3RUKO9qQImvPwEp9P1.jpg?quality=95&as=32x32,48x48,72x72,108x108,160x160,240x240,360x360,480x480,540x540,640x640,720x720&from=bu&u=Omgw3LC3Bh3p-ExKIJ29zIINvTRFs4tJW7asETL-MxM&cs=130x130'}, {'height': 604, 'type': 'x', 'width': 604, 'url': 'https://sun9-66.userapi.com/s/v1/ig2/wDvHWTFPFS696L9DQE1mWnIhILvBMEv9WF-kNTEZUyQKFn7cu7NWDbDrJDE8k02o9xYr6h3RUKO9qQImvPwEp9P1.jpg?quality=95&as=32x32,48x48,72x72,108x108,160x160,240x240,360x360,480x480,540x540,640x640,720x720&from=bu&u=Omgw3LC3Bh3p-ExKIJ29zIINvTRFs4tJW7asETL-MxM&cs=604x604'}, {'height': 720, 'type': 'y', 'width': 720, 'url': 'https://sun9-66.userapi.com/s/v1/ig2/wDvHWTFPFS696L9DQE1mWnIhILvBMEv9WF-kNTEZUyQKFn7cu7NWDbDrJDE8k02o9xYr6h3RUKO9qQImvPwEp9P1.jpg?quality=95&as=32x32,48x48,72x72,108x108,160x160,240x240,360x360,480x480,540x540,640x640,720x720&from=bu&u=Omgw3LC3Bh3p-ExKIJ29zIINvTRFs4tJW7asETL-MxM&cs=720x720'}, {'height': 130, 'type': 'o', 'width': 130, 'url': 'https://sun9-66.userapi.com/s/v1/ig2/wDvHWTFPFS696L9DQE1mWnIhILvBMEv9WF-kNTEZUyQKFn7cu7NWDbDrJDE8k02o9xYr6h3RUKO9qQImvPwEp9P1.jpg?quality=95&as=32x32,48x48,72x72,108x108,160x160,240x240,360x360,480x480,540x540,640x640,720x720&from=bu&u=Omgw3LC3Bh3p-ExKIJ29zIINvTRFs4tJW7asETL-MxM&cs=130x130'}, {'height': 200, 'type': 'p', 'width': 200, 'url': 'https://sun9-66.userapi.com/s/v1/ig2/wDvHWTFPFS696L9DQE1mWnIhILvBMEv9WF-kNTEZUyQKFn7cu7NWDbDrJDE8k02o9xYr6h3RUKO9qQImvPwEp9P1.jpg?quality=95&as=32x32,48x48,72x72,108x108,160x160,240x240,360x360,480x480,540x540,640x640,720x720&from=bu&u=Omgw3LC3Bh3p-ExKIJ29zIINvTRFs4tJW7asETL-MxM&cs=200x200'}, {'height': 320, 'type': 'q', 'width': 320, 'url': 'https://sun9-66.userapi.com/s/v1/ig2/wDvHWTFPFS696L9DQE1mWnIhILvBMEv9WF-kNTEZUyQKFn7cu7NWDbDrJDE8k02o9xYr6h3RUKO9qQImvPwEp9P1.jpg?quality=95&as=32x32,48x48,72x72,108x108,160x160,240x240,360x360,480x480,540x540,640x640,720x720&from=bu&u=Omgw3LC3Bh3p-ExKIJ29zIINvTRFs4tJW7asETL-MxM&cs=320x320'}, {'height': 510, 'type': 'r', 'width': 510, 'url': 'https://sun9-66.userapi.com/s/v1/ig2/wDvHWTFPFS696L9DQE1mWnIhILvBMEv9WF-kNTEZUyQKFn7cu7NWDbDrJDE8k02o9xYr6h3RUKO9qQImvPwEp9P1.jpg?quality=95&as=32x32,48x48,72x72,108x108,160x160,240x240,360x360,480x480,540x540,640x640,720x720&from=bu&u=Omgw3LC3Bh3p-ExKIJ29zIINvTRFs4tJW7asETL-MxM&cs=510x510'}], 'text': '', 'user_id': 100, 'web_view_token': 'dfb4fdaf30b3167450', 'orig_photo': {'height': 720, 'type': 'base', 'url': 'https://sun9-66.userapi.com/s/v1/ig2/wDvHWTFPFS696L9DQE1mWnIhILvBMEv9WF-kNTEZUyQKFn7cu7NWDbDrJDE8k02o9xYr6h3RUKO9qQImvPwEp9P1.jpg?quality=95&as=32x32,48x48,72x72,108x108,160x160,240x240,360x360,480x480,540x540,640x640,720x720&from=bu&u=Omgw3LC3Bh3p-ExKIJ29zIINvTRFs4tJW7asETL-MxM', 'width': 720}}, 'style': 'full'}];13.10.2024;8;1;10;;
35568;есть ли у кого-нибудь из представителей прекрасного мужского пола желание поучаствовать в зимнем балу? если да, то лайкните или напишите что-нибудь, я с вами свяжусь:) анон;[];12.10.2024;7;6;10;;
35566;Кто учится на 2+ курсе межбака и закрыл цифровую грамотность на 8-10, прошу помочь в подготовке к тестам (не бесплатно, но и не слишком дорого) 🙏🏻 можно онлайн, можно оффлайн на канте;[];12.10.2024;8;1;2;;
35564;Анон 11 октября подруга оставила на g и h на Кантемировской кожаный плащ, внутри студенческий и ключи. Видимо, надел кто - то другой и ушел. Просьба позвонить по номеру 89085959428;[{'type': 'photo', 'photo': {'album_id': -7, 'date': 1728656552, 'id': 457241171, 'owner_id': -30513532, 'access_key': '2a03c70db44b24be7e', 'post_id': 35550, 'sizes': [{'height': 75, 'type': 's', 'width': 34, 'url': 'https://sun9-7.userapi.com/s/v1/ig2/EL6oV_PlQ8iez5evvNG_LIgTCqX6Uy210rnaMytxBtZS3Phn4zVHtJE1u2HN1D0JoEbogCvpu61ChkR7_5Ti1Jis.jpg?quality=95&as=32x71,48x106,72x159,108x239,160x354,240x531,360x796,480x1061,540x1194,579x1280&from=bu&u=TOM_qhpOsal5SnqJKDbHNT4gIC8jLEXOpRtBCnJzEGg&cs=34x75'}, {'height': 130, 'type': 'm', 'width': 59, 'url': 'https://sun9-7.userapi.com/s/v1/ig2/EL6oV_PlQ8iez5evvNG_LIgTCqX6Uy210rnaMytxBtZS3Phn4zVHtJE1u2HN1D0JoEbogCvpu61ChkR7_5Ti1Jis.jpg?quality=95&as=32x71,48x106,72x159,108x239,160x354,240x531,360x796,480x1061,540x1194,579x1280&from=bu&u=TOM_qhpOsal5SnqJKDbHNT4gIC8jLEXOpRtBCnJzEGg&cs=59x130'}, {'height': 604, 'type': 'x', 'width': 273, 'url': 'https://sun9-7.userapi.com/s/v1/ig2/EL6oV_PlQ8iez5evvNG_LIgTCqX6Uy210rnaMytxBtZS3Phn4zVHtJE1u2HN1D0JoEbogCvpu61ChkR7_5Ti1Jis.jpg?quality=95&as=32x71,48x106,72x159,108x239,160x354,240x531,360x796,480x1061,540x1194,579x1280&from=bu&u=TOM_qhpOsal5SnqJKDbHNT4gIC8jLEXOpRtBCnJzEGg&cs=273x604'}, {'height': 807, 'type': 'y', 'width': 365, 'url': 'https://sun9-7.userapi.com/s/v1/ig2/EL6oV_PlQ8iez5evvNG_LIgTCqX6Uy210rnaMytxBtZS3Phn4zVHtJE1u2HN1D0JoEbogCvpu61ChkR7_5Ti1Jis.jpg?quality=95&as=32x71,48x106,72x159,108x239,160x354,240x531,360x796,480x1061,540x1194,579x1280&from=bu&u=TOM_qhpOsal5SnqJKDbHNT4gIC8jLEXOpRtBCnJzEGg&cs=365x807'}, {'height': 1080, 'type': 'z', 'width': 489, 'url': 'https://sun9-7.userapi.com/s/v1/ig2/EL6oV_PlQ8iez5evvNG_LIgTCqX6Uy210rnaMytxBtZS3Phn4zVHtJE1u2HN1D0JoEbogCvpu61ChkR7_5Ti1Jis.jpg?quality=95&as=32x71,48x106,72x159,108x239,160x354,240x531,360x796,480x1061,540x1194,579x1280&from=bu&u=TOM_qhpOsal5SnqJKDbHNT4gIC8jLEXOpRtBCnJzEGg&cs=489x1080'}, {'height': 1280, 'type': 'w', 'width': 579, 'url': 'https://sun9-7.userapi.com/s/v1/ig2/EL6oV_PlQ8iez5evvNG_LIgTCqX6Uy210rnaMytxBtZS3Phn4zVHtJE1u2HN1D0JoEbogCvpu61ChkR7_5Ti1Jis.jpg?quality=95&as=32x71,48x106,72x159,108x239,160x354,240x531,360x796,480x1061,540x1194,579x1280&from=bu&u=TOM_qhpOsal5SnqJKDbHNT4gIC8jLEXOpRtBCnJzEGg&cs=579x1280'}, {'height': 287, 'type': 'o', 'width': 130, 'url': 'https://sun9-7.userapi.com/s/v1/ig2/EL6oV_PlQ8iez5evvNG_LIgTCqX6Uy210rnaMytxBtZS3Phn4zVHtJE1u2HN1D0JoEbogCvpu61ChkR7_5Ti1Jis.jpg?quality=95&as=32x71,48x106,72x159,108x239,160x354,240x531,360x796,480x1061,540x1194,579x1280&from=bu&u=TOM_qhpOsal5SnqJKDbHNT4gIC8jLEXOpRtBCnJzEGg&cs=130x287'}, {'height': 442, 'type': 'p', 'width': 200, 'url': 'https://sun9-7.userapi.com/s/v1/ig2/EL6oV_PlQ8iez5evvNG_LIgTCqX6Uy210rnaMytxBtZS3Phn4zVHtJE1u2HN1D0JoEbogCvpu61ChkR7_5Ti1Jis.jpg?quality=95&as=32x71,48x106,72x159,108x239,160x354,240x531,360x796,480x1061,540x1194,579x1280&from=bu&u=TOM_qhpOsal5SnqJKDbHNT4gIC8jLEXOpRtBCnJzEGg&cs=200x442'}, {'height': 707, 'type': 'q', 'width': 320, 'url': 'https://sun9-7.userapi.com/s/v1/ig2/EL6oV_PlQ8iez5evvNG_LIgTCqX6Uy210rnaMytxBtZS3Phn4zVHtJE1u2HN1D0JoEbogCvpu61ChkR7_5Ti1Jis.jpg?quality=95&as=32x71,48x106,72x159,108x239,160x354,240x531,360x796,480x1061,540x1194,579x1280&from=bu&u=TOM_qhpOsal5SnqJKDbHNT4gIC8jLEXOpRtBCnJzEGg&cs=320x707'}, {'height': 900, 'type': 'r', 'width': 510, 'url': 'https://sun9-7.userapi.com/s/v1/ig2/EL6oV_PlQ8iez5evvNG_LIgTCqX6Uy210rnaMytxBtZS3Phn4zVHtJE1u2HN1D0JoEbogCvpu61ChkR7_5Ti1Jis.jpg?quality=95&as=32x71,48x106,72x159,108x239,160x354,240x531,360x796,480x1061,540x1194,579x1280&from=bu&u=TOM_qhpOsal5SnqJKDbHNT4gIC8jLEXOpRtBCnJzEGg&cs=510x900'}], 'text': '', 'user_id': 100, 'web_view_token': '503f4a8f0e6ba12b24', 'orig_photo': {'height': 1280, 'type': 'base', 'url': 'https://sun9-7.userapi.com/s/v1/ig2/EL6oV_PlQ8iez5evvNG_LIgTCqX6Uy210rnaMytxBtZS3Phn4zVHtJE1u2HN1D0JoEbogCvpu61ChkR7_5Ti1Jis.jpg?quality=95&as=32x71,48x106,72x159,108x239,160x354,240x531,360x796,480x1061,540x1194,579x1280&from=bu&u=TOM_qhpOsal5SnqJKDbHNT4gIC8jLEXOpRtBCnJzEGg', 'width': 579}}, 'style': 'full'}];12.10.2024;0;0;0;;
35563;анон как же я хочу отчислиться...;[];12.10.2024;113;0;15;;
35560;Что будет если потерять ключ от шкафчика в вышке? Анонимно;[];12.10.2024;0;0;0;;
35553;Анонимно, пожалуйста Реально ли поменять майнор, если прошло больше 10 дней с первого занятия (намного больше...) или теперь только зимней сессии ждать?;[];11.10.2024;1;1;1;;
35548;Анонимно Оставила зонтик очень цветной где то на проме, если кто то его обнаружит отнести плиз в гардероб или вахту;[];11.10.2024;0;0;0;;
35545;Ребята, кто-нибудь рвал шпинглаты (не хватало часов) на комиссии по физре? Как решали? Какие подводные?;[];11.10.2024;4;0;4;;
35541;ищу соседку в апарты на лесной, заезд в конце октября, найду по лайкам;[];11.10.2024;2;2;3;;
35528;Привет! Кто-нибудь переводился на комдизайн с сохранением бюджетного места? Могу задать пару вопросов?;[];10.10.2024;3;1;0;;
